Date,AAPL,RELIANCE.NS,TCS.NS,MARUTI.NS,HDFCBANK.NS,AMZN,ICICIBANK.NS,INFY.NS
05-01-2023,,,,,,,,
06-01-2023,,,,,,,,
09-01-2023,,,,,,,,
10-01-2023,,,,,,,,
11-01-2023,,,,,,,,
12-01-2023,,,,,,,,
13-01-2023,,,,,,,,
17-01-2023,,,,,,,,
18-01-2023,,,,,,,,
19-01-2023,,,,,,,,
20-01-2023,,,,,,,,
23-01-2023,,,,,,,,
24-01-2023,,,,,,,,
25-01-2023,,,,,,,,
27-01-2023,,,,,,,,
30-01-2023,,,,,,,,
31-01-2023,,,,,,,,
01-02-2023,,,,,,,,
02-02-2023,,,,,,,,
03-02-2023,,,,,,,,
06-02-2023,,,,,,,,
07-02-2023,,,,,,,,
08-02-2023,,,,,,,,
09-02-2023,,,,,,,,
10-02-2023,,,,,,,,
13-02-2023,,,,,,,,
14-02-2023,,,,,,,,
15-02-2023,,,,,,,,
16-02-2023,,,,,,,,
17-02-2023,0.015618851,0.011822528,0.013307673,0.009633195,0.012185297,0.031092082,0.013001214,0.013707922
21-02-2023,0.016476891,0.01182491,0.013651424,0.010109818,0.012170241,0.031199974,0.01250176,0.013440973
22-02-2023,0.015415516,0.012302137,0.012632363,0.009938918,0.012722532,0.03069666,0.012755542,0.013134467
23-02-2023,0.015417476,0.011310689,0.011198321,0.009949065,0.012787745,0.030634308,0.012727157,0.012552356
24-02-2023,0.015968974,0.011223456,0.01102816,0.009774715,0.012430607,0.030657984,0.012506548,0.012370323
27-02-2023,0.015664131,0.011086609,0.011537901,0.009802953,0.012158493,0.028759295,0.013016791,0.013423221
28-02-2023,0.015699035,0.010945455,0.011598004,0.009667689,0.012143394,0.02877227,0.012967465,0.013667472
01-03-2023,0.015972744,0.01113523,0.012068665,0.00992711,0.012144089,0.028469455,0.012660862,0.013402389
02-03-2023,0.01593443,0.011123285,0.011790477,0.010979951,0.012200891,0.028232736,0.012555991,0.012914169
03-03-2023,0.01692379,0.012210272,0.011833657,0.011028762,0.01231926,0.028774161,0.012919721,0.012929854
06-03-2023,0.017118321,0.012372051,0.011919262,0.011042517,0.012367257,0.028651094,0.012900294,0.013440259
08-03-2023,0.016993379,0.012214925,0.011945459,0.01100504,0.012216118,0.027757255,0.01290239,0.013464754
09-03-2023,0.016892141,0.012940949,0.011946796,0.011498351,0.012126742,0.027919532,0.013340024,0.013212051
10-03-2023,0.017080072,0.013184696,0.011875014,0.009771081,0.012646061,0.02798566,0.013619174,0.013216153
13-03-2023,0.01716775,0.013279417,0.012137645,0.009721308,0.011875013,0.028169725,0.013584692,0.013858557
14-03-2023,0.016586795,0.012865824,0.012608356,0.0096869,0.01136324,0.02685627,0.010813609,0.013725904
15-03-2023,0.016070101,0.013043508,0.012515717,0.009521814,0.011621139,0.026868787,0.010780049,0.01343404
16-03-2023,0.016302295,0.013056665,0.011969306,0.009340672,0.011667092,0.027478023,0.01061951,0.013520295
17-03-2023,0.016339117,0.013033331,0.011557758,0.009344281,0.011593564,0.027266815,0.010372355,0.013539035
20-03-2023,0.015190898,0.013101169,0.011181179,0.00916787,0.011356123,0.023294306,0.010117413,0.012856033
21-03-2023,0.014708418,0.014407944,0.011142586,0.008974145,0.009498488,0.018671324,0.010666133,0.012619009
22-03-2023,0.014398198,0.014365753,0.01133093,0.009029972,0.009486343,0.018865055,0.010582896,0.012355341
23-03-2023,0.01404561,0.014535684,0.011259104,0.009026386,0.009541139,0.01886603,0.010633786,0.012413422
24-03-2023,0.013647225,0.014393673,0.010794814,0.009072846,0.009535762,0.018541617,0.010563419,0.011810838
27-03-2023,0.013801842,0.014736376,0.010670492,0.009145997,0.009603525,0.018241837,0.010581321,0.011297477
28-03-2023,0.013840335,0.014724813,0.010660889,0.009198662,0.009717394,0.018266094,0.010566037,0.011312364
29-03-2023,0.013883797,0.014727241,0.010637055,0.009488321,0.00977838,0.018789345,0.010574686,0.010749974
31-03-2023,0.014513852,0.016217629,0.011466346,0.009484697,0.009976946,0.019567979,0.011581416,0.012077483
03-04-2023,0.01439032,0.015617758,0.011349734,0.010576803,0.009981569,0.019482717,0.011602458,0.01211766
05-04-2023,0.01453359,0.015618745,0.011430021,0.010605125,0.011196867,0.018806013,0.011595726,0.012286975
06-04-2023,0.014426191,0.015656366,0.011181926,0.0107453,0.011245047,0.01875078,0.011684868,0.012215653
10-04-2023,0.013794139,0.0156913,0.011327798,0.010397788,0.011229267,0.017949984,0.011621862,0.012292295
11-04-2023,0.013929268,0.015203247,0.011362024,0.010752172,0.010586185,0.018396877,0.01140712,0.012396418
12-04-2023,0.013987073,0.015206285,0.011482466,0.010751651,0.010696278,0.018849651,0.011489252,0.012855941
13-04-2023,0.014588024,0.015167636,0.011784529,0.010780099,0.010515248,0.020008498,0.011571993,0.013610527
17-04-2023,0.014608385,0.015149048,0.011564867,0.010761448,0.010984045,0.020008326,0.011088325,0.021095353
18-04-2023,0.014557832,0.014875077,0.011544177,0.010823148,0.011022103,0.02005193,0.011137676,0.021064889
19-04-2023,0.014142078,0.014808541,0.010803959,0.010463843,0.011021944,0.019708529,0.011214503,0.021160895
20-04-2023,0.014276734,0.01474472,0.010460039,0.009423637,0.010866243,0.019759272,0.011189967,0.021081802
21-04-2023,0.013281315,0.013963777,0.010997201,0.009952467,0.010320992,0.019771879,0.010983751,0.021055163
24-04-2023,0.01295527,0.013856092,0.010876986,0.010113629,0.010342839,0.019648312,0.011617739,0.02054754
25-04-2023,0.013042324,0.013918367,0.010795912,0.010007277,0.010720596,0.020875347,0.011696442,0.020562577
26-04-2023,0.012638834,0.013236845,0.010599892,0.009539494,0.010742795,0.0208084,0.011061969,0.02061736
27-04-2023,0.013056187,0.012945474,0.010604972,0.009482416,0.009512408,0.021746011,0.010538501,0.020979015
28-04-2023,0.012961884,0.012897858,0.010488227,0.009362129,0.009109124,0.023197747,0.009882372,0.020732385
02-05-2023,0.01296529,0.012903121,0.009797077,0.01014624,0.00907197,0.023152675,0.009883214,0.021150432
03-05-2023,0.013089696,0.012548126,0.010014975,0.010095958,0.008491086,0.023069171,0.009754842,0.021150155
04-05-2023,0.012955619,0.012561577,0.010254944,0.010040077,0.009045429,0.02197768,0.009731519,0.021138856
05-05-2023,0.015226988,0.012579821,0.010257476,0.009964111,0.014431401,0.022001208,0.009508104,0.021000584
08-05-2023,0.015085462,0.012438139,0.01005214,0.009815621,0.014466718,0.02182053,0.009606302,0.021003104
09-05-2023,0.01518572,0.011332024,0.009868212,0.009806473,0.014357313,0.021249639,0.009257785,0.021011887
10-05-2023,0.015083577,0.011353961,0.009802361,0.009818736,0.014350514,0.021606146,0.009189483,0.021016566
11-05-2023,0.015072161,0.011112816,0.009795845,0.009762281,0.014235053,0.021745548,0.00905214,0.020974043
12-05-2023,0.015116417,0.010227403,0.009809049,0.009239251,0.01427223,0.022025501,0.008967492,0.020955146
15-05-2023,0.014892293,0.009999483,0.009903798,0.009563385,0.014274623,0.02201842,0.008851944,0.021040492
16-05-2023,0.014846171,0.010513074,0.009882502,0.009903221,0.014304744,0.022058033,0.008843426,0.021064294
17-05-2023,0.014507922,0.010512863,0.01027295,0.009818533,0.014353279,0.021674204,0.008951645,0.021117134
18-05-2023,0.01400352,0.007315545,0.009524765,0.009983788,0.014177885,0.021416703,0.007351575,0.020046922
19-05-2023,0.013966015,0.007318286,0.009607502,0.0090623,0.014177461,0.021621307,0.007370724,0.020410444
22-05-2023,0.013695196,0.007309936,0.010281664,0.008920735,0.013346528,0.02156625,0.007467333,0.020692123
23-05-2023,0.014038375,0.007259447,0.010210123,0.008869541,0.01327965,0.021561737,0.007034303,0.020749574
24-05-2023,0.013644862,0.0072108,0.009940529,0.008915658,0.013465381,0.021646825,0.007406014,0.020713074
25-05-2023,0.013544014,0.007190041,0.009518483,0.008636486,0.013464436,0.021384143,0.007023483,0.020625376
26-05-2023,0.013637492,0.008588169,0.009584728,0.00873876,0.013247586,0.021982083,0.007111785,0.020479022
30-05-2023,0.012422363,0.008602932,0.009068731,0.008762411,0.013455981,0.020710777,0.006978638,0.019966844
31-05-2023,0.012405382,0.009483947,0.00868711,0.008789375,0.013478076,0.020883553,0.006994547,0.009618237
01-06-2023,0.01262037,0.009203768,0.00879373,0.008839699,0.013478281,0.020920743,0.007454903,0.009618039
02-06-2023,0.012601414,0.009227092,0.008443605,0.009084307,0.0134603,0.02080158,0.007338143,0.008608747
05-06-2023,0.012645491,0.00929397,0.008532293,0.009177844,0.013434153,0.020705398,0.007461696,0.008429802
06-06-2023,0.012461712,0.009295183,0.008666276,0.008556794,0.013431339,0.020228465,0.007248068,0.009348852
07-06-2023,0.012611499,0.009347929,0.008936514,0.008190862,0.01337347,0.021967914,0.006276318,0.009395083
08-06-2023,0.012614715,0.009288499,0.009237873,0.008344512,0.013146313,0.020987421,0.006109425,0.009462074
09-06-2023,0.012600318,0.009325207,0.009301946,0.008459425,0.013113935,0.020872146,0.006109201,0.009858586
12-06-2023,0.011926958,0.009284759,0.009512688,0.008747767,0.01309321,0.019803736,0.006109593,0.010156096
13-06-2023,0.011938612,0.009086404,0.009357043,0.008838877,0.013069552,0.017942653,0.0062523,0.010249975
14-06-2023,0.011805859,0.009214614,0.009363787,0.008134887,0.013068145,0.017460286,0.00626992,0.009716129
15-06-2023,0.011756129,0.009019545,0.009085884,0.008162979,0.013187231,0.017418045,0.006819614,0.009848736
16-06-2023,0.011617674,0.00895871,0.009111103,0.008157684,0.012821425,0.017777735,0.00696908,0.00985155
20-06-2023,0.008282336,0.009098646,0.009601251,0.008142298,0.006961903,0.017699976,0.007115906,0.009676236
21-06-2023,0.008394844,0.008873291,0.009689333,0.007909313,0.007371636,0.017856313,0.006756056,0.009690335
22-06-2023,0.008481714,0.009152352,0.009580087,0.007952886,0.007420437,0.019088824,0.00673294,0.010056132
23-06-2023,0.008400424,0.009219461,0.009653391,0.008061333,0.00737745,0.018548662,0.00673239,0.010296232
26-06-2023,0.008596819,0.009249805,0.009758916,0.008324763,0.007434496,0.018775514,0.006752141,0.010248998
27-06-2023,0.008780122,0.009246141,0.009768947,0.008311589,0.007705936,0.018410373,0.006915513,0.010143056
28-06-2023,0.008731255,0.009544466,0.009777018,0.008203226,0.007894356,0.0184387,0.006910443,0.010160368
30-06-2023,0.009562469,0.009216768,0.010959621,0.008820834,0.008241152,0.018258591,0.006926396,0.011639756
03-07-2023,0.009803609,0.010120368,0.010707299,0.009186838,0.008331474,0.018101336,0.006980252,0.011262131
05-07-2023,0.009765244,0.010424129,0.010963946,0.010617162,0.009823223,0.017755346,0.007471257,0.011322242
06-07-2023,0.00975543,0.010982597,0.010912133,0.011029622,0.009822992,0.017733362,0.007328001,0.010988894
07-07-2023,0.009768128,0.011001528,0.010076591,0.01103538,0.00994298,0.017579568,0.007711711,0.010769526
10-07-2023,0.009520031,0.01280893,0.010588571,0.011318407,0.009943299,0.018132526,0.007698027,0.010747719
11-07-2023,0.009579729,0.01274315,0.010582753,0.011599004,0.009667822,0.018085242,0.007316992,0.011010498
12-07-2023,0.009618795,0.01273061,0.010591964,0.011707859,0.009809415,0.017873752,0.007315856,0.011253149
13-07-2023,0.009396022,0.012180986,0.011363372,0.012138799,0.00982492,0.016767454,0.007338748,0.011890005
14-07-2023,0.00928348,0.012193517,0.014732598,0.012170784,0.0095482,0.016680827,0.007378576,0.014234069
17-07-2023,0.009651652,0.011816157,0.014698352,0.012249201,0.009775458,0.016666742,0.007539841,0.014202638
18-07-2023,0.00936367,0.01176697,0.014617976,0.012226832,0.009726781,0.01650986,0.007106396,0.015461881
19-07-2023,0.009392434,0.0116836,0.014661118,0.011930941,0.009742096,0.016693916,0.007132221,0.0154354
20-07-2023,0.009497088,0.011710559,0.014603805,0.012191406,0.009726496,0.01839558,0.008027122,0.015931927
21-07-2023,0.009593601,0.013383201,0.015179147,0.011841743,0.009840921,0.018316119,0.007929712,0.021906866
24-07-2023,0.009406579,0.014041312,0.015072456,0.011916661,0.009817593,0.016507257,0.00799963,0.021879904
25-07-2023,0.009103064,0.014049329,0.014859766,0.011935259,0.009963001,0.015939269,0.007960134,0.021855969
26-07-2023,0.00911159,0.014141401,0.014763544,0.011916692,0.010009548,0.015957428,0.007952791,0.021736094
27-07-2023,0.00890308,0.014324067,0.014655297,0.011808586,0.010153954,0.015296498,0.00805933,0.021464595
28-07-2023,0.009117286,0.014215979,0.014874513,0.011907449,0.010744344,0.016267945,0.008012336,0.021499696
31-07-2023,0.009115946,0.014145339,0.015238193,0.012216621,0.010759591,0.016346012,0.007936666,0.021560916
01-08-2023,0.009028572,0.014472934,0.015250754,0.012351461,0.010501473,0.016617013,0.007423042,0.021459132
02-08-2023,0.009467798,0.014588739,0.015015138,0.012416352,0.010609798,0.017193841,0.007557536,0.021510058
03-08-2023,0.009600091,0.014521938,0.015015294,0.012222725,0.010701804,0.01721262,0.008525709,0.02147834
04-08-2023,0.013108145,0.014682895,0.015086047,0.01226812,0.010549576,0.022688203,0.008548506,0.021513197
07-08-2023,0.013065993,0.014478474,0.015107172,0.012272671,0.010516315,0.02168835,0.008573766,0.021351207
08-08-2023,0.013123029,0.01442815,0.015052439,0.012158893,0.01051789,0.021906746,0.008548142,0.021162778
09-08-2023,0.013149018,0.014310329,0.014940589,0.011973233,0.010475063,0.021891686,0.008539854,0.021162241
10-08-2023,0.012785171,0.014302155,0.01502724,0.01204505,0.010273908,0.021786254,0.008638521,0.021190019
11-08-2023,0.012701061,0.014180402,0.015016928,0.011968262,0.010214626,0.021786247,0.008956494,0.0213137
14-08-2023,0.011854742,0.014241318,0.014290773,0.010898724,0.00976482,0.021873417,0.008994117,0.020699956
16-08-2023,0.012078436,0.013602397,0.014147088,0.0109137,0.009471817,0.023167425,0.008919105,0.020901841
17-08-2023,0.012258491,0.013699447,0.014026659,0.008906297,0.008266978,0.023232939,0.008475203,0.020886212
18-08-2023,0.012263419,0.013273416,0.014556508,0.008826494,0.008265737,0.023058667,0.008473559,0.021128615
21-08-2023,0.012405395,0.013458059,0.014661338,0.008827612,0.008159265,0.023057195,0.00811604,0.021099437
22-08-2023,0.012446446,0.011488521,0.014317975,0.008679552,0.008174303,0.0227046,0.008142485,0.021101343
23-08-2023,0.013186408,0.011311259,0.014330022,0.00836085,0.008179397,0.022655297,0.008557807,0.020968434
24-08-2023,0.013804469,0.011705546,0.01432139,0.008299413,0.008061352,0.023105055,0.008554214,0.020889118
25-08-2023,0.014027952,0.011628267,0.013638266,0.007634283,0.008184735,0.022659003,0.008308427,0.0205064
28-08-2023,0.014159938,0.011751796,0.009553064,0.007792061,0.008451611,0.022653087,0.008278981,0.018834519
29-08-2023,0.014390907,0.011128094,0.009502729,0.007632849,0.007558205,0.022727598,0.008149573,0.018832332
30-08-2023,0.014882236,0.010954246,0.009543509,0.008296881,0.007622144,0.022699007,0.008223719,0.017686813
31-08-2023,0.014811956,0.01080035,0.009612253,0.008983931,0.007534373,0.022779667,0.008216804,0.017687384
01-09-2023,0.014811065,0.010836594,0.009709747,0.010265943,0.007532394,0.02143938,0.007282071,0.017445185
05-09-2023,0.014774977,0.009483521,0.008725189,0.010386061,0.007474307,0.021491953,0.00727239,0.009139503
06-09-2023,0.016104745,0.008805828,0.008618165,0.010399541,0.007946334,0.021593371,0.007487016,0.009176547
07-09-2023,0.016828171,0.008813391,0.00871185,0.010470374,0.007882891,0.021803151,0.007655762,0.009355033
08-09-2023,0.016813628,0.008343408,0.008722746,0.010473567,0.00806158,0.021721277,0.007715959,0.009247955
11-09-2023,0.016882123,0.008450593,0.00893368,0.010921939,0.007958421,0.022509892,0.007791215,0.009253429
12-09-2023,0.016817883,0.008605727,0.009943642,0.0107644,0.007314351,0.022120218,0.008053768,0.009281243
13-09-2023,0.01684193,0.008496341,0.009428902,0.010554448,0.007305491,0.022472608,0.008046123,0.009224668
14-09-2023,0.01699759,0.008140094,0.009342052,0.010264147,0.007191384,0.022234315,0.008025177,0.009210374
15-09-2023,0.016844362,0.007926475,0.009466556,0.010109858,0.007090644,0.022404357,0.007933824,0.009036198
18-09-2023,0.017207192,0.008045944,0.009123778,0.010082296,0.007876654,0.022428312,0.006703308,0.009529251
20-09-2023,0.015069431,0.008547483,0.008897163,0.01054284,0.010346186,0.017730357,0.006689695,0.009455436
21-09-2023,0.014834959,0.008494625,0.008779694,0.010657216,0.01038068,0.018985246,0.00848111,0.009385378
22-09-2023,0.014829911,0.008471145,0.008761577,0.01137237,0.010655922,0.018825433,0.008593688,0.009419369
25-09-2023,0.014819663,0.008346365,0.008880335,0.011158312,0.01066109,0.018988913,0.008686942,0.009927398
26-09-2023,0.015411338,0.008270553,0.008782902,0.011050248,0.010659376,0.020217168,0.008660469,0.010080532
27-09-2023,0.015476126,0.008563041,0.008782567,0.011025052,0.010584629,0.020221615,0.008465849,0.009728011
28-09-2023,0.015355009,0.008426626,0.009256134,0.01127864,0.010569697,0.019926866,0.008351591,0.01011139
29-09-2023,0.015125628,0.008537714,0.009268674,0.011216633,0.010586517,0.018865774,0.008547843,0.009621501
03-10-2023,0.014965673,0.008416338,0.009214615,0.012308309,0.010731757,0.01909063,0.008785227,0.009573144
04-10-2023,0.015019264,0.008194233,0.00839362,0.013037318,0.011115979,0.019438432,0.00899344,0.009107162
05-10-2023,0.015009957,0.008079808,0.008581051,0.013050469,0.011157926,0.019332411,0.009220273,0.009161
06-10-2023,0.015186323,0.008108462,0.008553115,0.013091008,0.011141643,0.01960505,0.009249065,0.009292706
09-10-2023,0.014711066,0.008141268,0.008552345,0.013071529,0.011286797,0.019511816,0.008828517,0.009317584
10-10-2023,0.013893955,0.007821339,0.008542086,0.013170731,0.011343539,0.019000697,0.00919706,0.00940485
11-10-2023,0.013777256,0.008483869,0.008620333,0.013038442,0.011340869,0.019197377,0.009201405,0.009381927
12-10-2023,0.013713611,0.008358939,0.009406246,0.013205224,0.011237777,0.019210422,0.009206219,0.010110652
13-10-2023,0.013211509,0.008212543,0.009471861,0.013342313,0.011224932,0.019349013,0.009208123,0.011065888
16-10-2023,0.012657851,0.008215838,0.009845473,0.013095607,0.011178316,0.019773671,0.009063444,0.010839527
17-10-2023,0.012714538,0.008253067,0.009681178,0.012644857,0.011263783,0.019365424,0.009078377,0.010890365
18-10-2023,0.012598922,0.008542192,0.009715647,0.011286626,0.011509356,0.019846218,0.00905054,0.010841061
19-10-2023,0.012579991,0.008549866,0.009452138,0.01119651,0.011512726,0.019848322,0.009156575,0.009848309
20-10-2023,0.011166387,0.008524253,0.009657968,0.011102338,0.011261819,0.020183657,0.008964702,0.009868731
23-10-2023,0.009895795,0.008864495,0.010583152,0.011451509,0.011189253,0.019967281,0.008795688,0.010040048
25-10-2023,0.010030297,0.008699557,0.01061293,0.011435351,0.011051696,0.02111439,0.009054852,0.010311564
26-10-2023,0.010772496,0.008551822,0.010737152,0.011254682,0.011499687,0.019840718,0.008928463,0.010289783
27-10-2023,0.01056049,0.009121372,0.009194181,0.011503217,0.011516723,0.023949425,0.008579189,0.010208292
30-10-2023,0.010664979,0.009964901,0.009378789,0.011844174,0.011731247,0.02461142,0.009059012,0.010207893
31-10-2023,0.010536888,0.010075363,0.009381007,0.011840523,0.011728199,0.024630078,0.009179027,0.010115652
01-11-2023,0.011106778,0.010116484,0.00923432,0.012151642,0.011393031,0.024732628,0.00907808,0.0101481
02-11-2023,0.011326167,0.010273806,0.009427461,0.012245722,0.011033368,0.024774277,0.009230778,0.010326491
03-11-2023,0.011064872,0.009500862,0.009418672,0.011874477,0.008638647,0.023966205,0.009763722,0.010738426
06-11-2023,0.011223882,0.009562945,0.009606724,0.011823374,0.00873735,0.022422023,0.008741298,0.010826251
07-11-2023,0.011468791,0.009604682,0.009517864,0.010902577,0.008360503,0.022653347,0.008593699,0.01082895
08-11-2023,0.011445031,0.009593855,0.009513625,0.010938412,0.008383308,0.022560746,0.008821401,0.010651685
09-11-2023,0.010485567,0.009792964,0.009598987,0.011034508,0.008343339,0.021207475,0.00872146,0.010723223
10-11-2023,0.010961106,0.009553899,0.009586761,0.010791603,0.008315504,0.02142184,0.008662871,0.010676035
13-11-2023,0.011164432,0.009182572,0.009303794,0.010630417,0.008314252,0.021507039,0.008698235,0.010219967
15-11-2023,0.011479156,0.009739342,0.010259212,0.010652357,0.00855398,0.021488786,0.008601877,0.011416578
16-11-2023,0.011508834,0.009489685,0.011482403,0.009611507,0.008287497,0.021087498,0.008366141,0.012257019
17-11-2023,0.011499438,0.009493984,0.011413784,0.008726764,0.007846621,0.021049638,0.008586063,0.012239125
20-11-2023,0.011531507,0.009512153,0.011114572,0.00865391,0.007800343,0.020910419,0.008288231,0.011995359
21-11-2023,0.011391512,0.009761692,0.010975846,0.008555882,0.007974626,0.02113233,0.008297879,0.011835562
22-11-2023,0.011337991,0.009610205,0.010994922,0.008517937,0.007713104,0.021314226,0.008231757,0.01208157
24-11-2023,0.011420382,0.009594824,0.011574538,0.008222659,0.008006814,0.021309615,0.00794134,0.012078682
28-11-2023,0.011369647,0.009189475,0.0115902,0.008207787,0.007813417,0.021153701,0.007948172,0.012106591
29-11-2023,0.011433531,0.009193829,0.011364862,0.007724777,0.008557814,0.021213097,0.008474565,0.011778799
30-11-2023,0.011209556,0.009389347,0.011334208,0.007277348,0.008375539,0.020800963,0.008501038,0.010914694
01-12-2023,0.011227887,0.009451839,0.01116249,0.007277513,0.008348065,0.020555148,0.008831848,0.010926272
04-12-2023,0.011251827,0.009603676,0.0111248,0.007231354,0.010359381,0.020725045,0.012332052,0.01097444
05-12-2023,0.011596965,0.009281304,0.011108305,0.007526314,0.010020461,0.020073749,0.012696762,0.011066799
06-12-2023,0.011671743,0.009218607,0.011600629,0.007692904,0.009968153,0.020427548,0.012747113,0.011269448
07-12-2023,0.011232705,0.009194367,0.01145742,0.007763353,0.009955622,0.01976892,0.012764118,0.01129389
08-12-2023,0.011231476,0.008574815,0.010411847,0.007293095,0.009845597,0.019743214,0.012836782,0.011313327
11-12-2023,0.011327478,0.008525183,0.010309047,0.007392487,0.009720594,0.017994277,0.012400825,0.010871494
12-12-2023,0.009952414,0.008554375,0.009761556,0.007687017,0.008835007,0.017553306,0.012241391,0.010893088
13-12-2023,0.010160008,0.008092308,0.010743466,0.007313277,0.008902327,0.013237939,0.012282321,0.011282759
14-12-2023,0.010113297,0.007578775,0.01119787,0.006767327,0.00893084,0.011867392,0.012500493,0.012888012
15-12-2023,0.010207595,0.007420101,0.014388553,0.006865354,0.008754584,0.012127182,0.012213594,0.015483464
18-12-2023,0.010151631,0.007535068,0.014107112,0.006232822,0.00873857,0.011985215,0.012693383,0.015434333
19-12-2023,0.009659215,0.007732319,0.01438925,0.006277374,0.008788399,0.012008299,0.012803128,0.015458818
20-12-2023,0.009881853,0.008207742,0.014555232,0.006816003,0.008789748,0.012297522,0.012789445,0.015710082
21-12-2023,0.009675157,0.008400881,0.014533474,0.006901535,0.00914623,0.01235386,0.012678684,0.015670995
22-12-2023,0.009536181,0.00821577,0.014511453,0.007901739,0.009335016,0.011919193,0.012869832,0.015880302
26-12-2023,0.009552419,0.008214715,0.014669031,0.00786192,0.009348775,0.011858694,0.0125696,0.015963337
27-12-2023,0.00951836,0.007766343,0.014427341,0.007736166,0.009341642,0.011617859,0.012603039,0.01582608
28-12-2023,0.008634924,0.007782118,0.014403967,0.007738624,0.009362459,0.011110445,0.01260392,0.015799785
29-12-2023,0.008528879,0.008048675,0.014419236,0.007759563,0.009296134,0.011194226,0.012723974,0.016108166
02-01-2024,0.010411097,0.00768871,0.014090147,0.007881561,0.009423819,0.011532288,0.013041206,0.015598508
03-01-2024,0.010332909,0.008119379,0.014229007,0.008099476,0.010075078,0.011694527,0.012975409,0.016098722
04-01-2024,0.010552162,0.008067105,0.014316461,0.00809027,0.010100044,0.012374275,0.01257911,0.016254086
05-01-2024,0.010368354,0.007990545,0.014670742,0.008027014,0.01021219,0.012343979,0.012591188,0.016375705
08-01-2024,0.011384432,0.008059543,0.015016024,0.008082247,0.01052363,0.012925272,0.012850107,0.016451599
09-01-2024,0.011357117,0.008118101,0.014999791,0.008261567,0.010643599,0.01273814,0.012832265,0.016325834
10-01-2024,0.011362963,0.009255312,0.014415402,0.008235104,0.010476871,0.013006883,0.012971934,0.016126967
11-01-2024,0.011359319,0.010126534,0.014428495,0.008212317,0.010514189,0.013084647,0.012939221,0.016486453
12-01-2024,0.011334296,0.010142868,0.015835073,0.008102228,0.01006419,0.013064947,0.012853702,0.021744363
16-01-2024,0.011511673,0.009791218,0.015793633,0.009193558,0.010782586,0.013215703,0.012792887,0.021756144
17-01-2024,0.011437193,0.010125819,0.015788059,0.009435239,0.01918621,0.013335985,0.013741079,0.021727432
18-01-2024,0.012903806,0.010052353,0.015777167,0.009625289,0.018940232,0.013118607,0.010729791,0.021719752
19-01-2024,0.012628193,0.01006734,0.01597428,0.00961814,0.018869006,0.013057538,0.010170218,0.021641938
23-01-2024,0.013053396,0.011601406,0.016317401,0.009955494,0.019433676,0.012610588,0.01140363,0.02173329
24-01-2024,0.012945698,0.011682988,0.016365589,0.010216496,0.019906858,0.012356952,0.012620904,0.021857252
25-01-2024,0.012875402,0.011682413,0.016477938,0.010294127,0.019718864,0.012369578,0.012586964,0.021777836
29-01-2024,0.012863243,0.016887631,0.016490663,0.010538403,0.019993581,0.012644697,0.012590439,0.021854809
30-01-2024,0.013225103,0.017606465,0.016451403,0.010016596,0.019971406,0.012951079,0.012587741,0.021774881
31-01-2024,0.013192674,0.017670652,0.015876,0.010965966,0.020197935,0.013753239,0.012738569,0.021364462
01-02-2024,0.013489209,0.01764745,0.015574907,0.013672464,0.020027882,0.014307127,0.012237002,0.020552902
02-02-2024,0.013504006,0.017858414,0.013347644,0.013600131,0.020056022,0.019801338,0.012216441,0.018827397
05-02-2024,0.013612004,0.018135072,0.013344172,0.014201656,0.020053622,0.019473357,0.011883354,0.018741618
06-02-2024,0.013680442,0.018167058,0.014961839,0.015813916,0.02006008,0.019541818,0.011837769,0.019132063
07-02-2024,0.013565302,0.0179461,0.015066663,0.015522185,0.020042431,0.019372445,0.011746401,0.019378545
08-02-2024,0.013594771,0.017858873,0.01516442,0.015872128,0.019732368,0.019375338,0.013175067,0.019383673
09-02-2024,0.013597943,0.017855921,0.015127474,0.015515511,0.019753882,0.019807978,0.013638013,0.019430885
12-02-2024,0.013677743,0.017952989,0.015045949,0.015517068,0.019622755,0.020023679,0.013912947,0.019247886
13-02-2024,0.013804417,0.017972245,0.015061864,0.015561142,0.01939364,0.020548296,0.014520585,0.019114017
14-02-2024,0.01380231,0.01800785,0.01527456,0.015962649,0.019340868,0.020627349,0.014515704,0.019248892
15-02-2024,0.013782729,0.017993252,0.015255617,0.015972882,0.019966041,0.020577334,0.014449976,0.019049856
16-02-2024,0.012248862,0.018072508,0.015227799,0.016346258,0.020053417,0.020352695,0.014195116,0.019106033
20-02-2024,0.012197768,0.017863023,0.015195831,0.016081858,0.020691461,0.020478925,0.014827679,0.018278846
21-02-2024,0.011997429,0.017904813,0.015272483,0.015967281,0.020516193,0.019669553,0.014827478,0.018581095
22-02-2024,0.012135837,0.017931192,0.01546099,0.016093418,0.020574383,0.020426711,0.014878562,0.018631907
23-02-2024,0.011440843,0.017791226,0.015200252,0.016196152,0.020574991,0.020075321,0.014657162,0.018578375
26-02-2024,0.011508287,0.017816651,0.015484676,0.016310657,0.020598939,0.020029153,0.014730594,0.018735824
27-02-2024,0.011562838,0.01734875,0.016027276,0.016274825,0.020552862,0.020037663,0.01459684,0.018658821
28-02-2024,0.011606704,0.017361927,0.016021089,0.017473539,0.020558126,0.020046113,0.014852229,0.018269489
29-02-2024,0.011610219,0.017331997,0.014600673,0.017466155,0.020558529,0.020227186,0.014737816,0.011434171
01-03-2024,0.011451428,0.017682507,0.014536556,0.017781788,0.020397175,0.020059003,0.015798527,0.011491596
04-03-2024,0.012291829,0.017572775,0.01455393,0.01752474,0.01387476,0.019938631,0.014774461,0.01162922
05-03-2024,0.011518133,0.017636382,0.0149404,0.017208726,0.012628913,0.02040763,0.014837749,0.01211717
06-03-2024,0.010958781,0.017625403,0.014797568,0.017368659,0.012505995,0.020405187,0.014756866,0.01203223
07-03-2024,0.010093953,0.016989096,0.014262437,0.016949394,0.011259997,0.020592908,0.014007574,0.01189781
11-03-2024,0.011225293,0.017061243,0.014211185,0.017108084,0.010881411,0.021396185,0.012901418,0.011346814
12-03-2024,0.011284363,0.017055565,0.014303079,0.016887368,0.011324083,0.021609007,0.012831404,0.01145945
13-03-2024,0.011272619,0.012649983,0.014482993,0.017084131,0.011049279,0.021334791,0.012833776,0.011395289
14-03-2024,0.01118138,0.011525593,0.014609282,0.017020902,0.010985091,0.021142341,0.012838435,0.012392913
15-03-2024,0.010728099,0.0113972,0.014609488,0.016645651,0.010740865,0.021157245,0.012760129,0.012527572
18-03-2024,0.010454221,0.011726826,0.014966735,0.014956732,0.010756506,0.020745699,0.012731486,0.012983678
19-03-2024,0.01082991,0.011144395,0.016220664,0.015001583,0.010463975,0.015144156,0.012719524,0.012993318
20-03-2024,0.011042963,0.011171851,0.016221276,0.015048868,0.010719527,0.015182165,0.012714169,0.012995108
21-03-2024,0.012995394,0.011101226,0.014273713,0.013539846,0.010890387,0.015102572,0.012739392,0.011913833
22-03-2024,0.013071141,0.010966351,0.014363671,0.014790583,0.010738139,0.015061824,0.01273375,0.012450925
26-03-2024,0.01324295,0.011057277,0.014180142,0.014379218,0.01038904,0.015051325,0.011090484,0.012502783
27-03-2024,0.013925291,0.012782378,0.014238551,0.014655732,0.010552916,0.014335133,0.010533045,0.012383538
28-03-2024,0.013952224,0.012765068,0.014392707,0.014592634,0.0103829,0.014119055,0.010098751,0.012485939
01-04-2024,0.0139027,0.01267886,0.014479879,0.014656738,0.010698897,0.013429804,0.009336571,0.012434133
02-04-2024,0.01391977,0.012522493,0.014409879,0.014365896,0.010584955,0.013271287,0.009980898,0.012394281
03-04-2024,0.013987483,0.012597407,0.014778229,0.01459966,0.009931893,0.013233145,0.009929099,0.012262188
04-04-2024,0.013951345,0.012581066,0.01498767,0.014058959,0.011247357,0.013522073,0.009892563,0.01182641
05-04-2024,0.014004794,0.012515315,0.01439922,0.014313064,0.010722474,0.013961009,0.008896966,0.011786399
08-04-2024,0.013974861,0.012925387,0.014292972,0.01551649,0.010487882,0.013930427,0.008900347,0.011520443
09-04-2024,0.013857379,0.013108393,0.013593798,0.015330888,0.010043899,0.012523805,0.009298415,0.011344319
10-04-2024,0.013879077,0.01318152,0.013654547,0.015532506,0.010230857,0.012524242,0.009284884,0.011547806
12-04-2024,0.017087657,0.013247038,0.013483379,0.016805464,0.010543485,0.012507998,0.009226692,0.011668961
15-04-2024,0.017426492,0.013248205,0.012842743,0.016911574,0.011039706,0.0127309,0.01026794,0.011695611
16-04-2024,0.017696637,0.012708254,0.013136009,0.015731332,0.010987073,0.012725052,0.010152813,0.012985579
18-04-2024,0.017823396,0.012695248,0.013117308,0.015793887,0.011141453,0.012962473,0.010320564,0.013023559
19-04-2024,0.017901514,0.012070346,0.013181821,0.015541634,0.011442767,0.013720025,0.008544402,0.012973302
22-04-2024,0.017427184,0.01197778,0.013365866,0.015515039,0.011757563,0.013992623,0.009157204,0.013452108
23-04-2024,0.016727947,0.012201501,0.013077235,0.015689734,0.011767783,0.013685018,0.009149045,0.013315233
24-04-2024,0.016865451,0.012229464,0.012925635,0.015580099,0.011769392,0.014034467,0.009086048,0.013192711
25-04-2024,0.016889433,0.011977059,0.012778614,0.015527844,0.011775453,0.013930661,0.009367017,0.013291323
26-04-2024,0.016385548,0.011917025,0.012780931,0.015795176,0.011476998,0.0143616,0.009273767,0.013248376
29-04-2024,0.017020855,0.011972778,0.012583693,0.015772798,0.011030182,0.013986199,0.012518339,0.013138911
30-04-2024,0.017210191,0.010632557,0.012644421,0.015597736,0.011120045,0.015257371,0.01265054,0.013173324
02-05-2024,0.017341124,0.010631815,0.01251979,0.015616653,0.011145296,0.018228201,0.01282057,0.011883526
03-05-2024,0.020466154,0.011297969,0.012482522,0.016446996,0.011276945,0.017614873,0.012789257,0.011872949
06-05-2024,0.02055273,0.011110223,0.012934145,0.016363791,0.011217873,0.017724442,0.012791424,0.011724923
07-05-2024,0.020434932,0.011205199,0.010811143,0.016403346,0.01145099,0.017700188,0.013064862,0.011250289
08-05-2024,0.020279896,0.011173057,0.010807102,0.015750677,0.011588292,0.017629342,0.013176253,0.011317107
09-05-2024,0.01873156,0.01152483,0.010835367,0.015754142,0.012313559,0.017659158,0.013235684,0.011498246
10-05-2024,0.01880395,0.011671719,0.010892825,0.014556412,0.012368534,0.01780992,0.013174381,0.010425343
13-05-2024,0.018719268,0.011578196,0.011059185,0.014478752,0.012312641,0.01782835,0.013204192,0.010289906
14-05-2024,0.018422651,0.009682409,0.011141762,0.014110246,0.012193269,0.017781902,0.013283642,0.010265083
15-05-2024,0.018321312,0.009667363,0.011069231,0.014082329,0.012524781,0.017827709,0.013213181,0.010062097
16-05-2024,0.018190112,0.009775501,0.011145853,0.01462108,0.012504489,0.018000253,0.013215098,0.011068303
17-05-2024,0.018089136,0.009888957,0.011486033,0.014770507,0.012457083,0.018019673,0.012786171,0.01102389
21-05-2024,0.018162568,0.009737107,0.011069525,0.014864091,0.012473396,0.018020538,0.012882608,0.011081742
22-05-2024,0.018215576,0.01021166,0.01073205,0.014744608,0.011059695,0.017839881,0.013016231,0.011400428
23-05-2024,0.018794758,0.010684081,0.011135729,0.015693904,0.011566177,0.017191236,0.013510818,0.011599912
24-05-2024,0.018842416,0.010211098,0.01130986,0.014326639,0.011981513,0.01719066,0.013524255,0.011631089
28-05-2024,0.018848519,0.010275097,0.011262309,0.014563383,0.012089179,0.017249999,0.013178715,0.011395051
29-05-2024,0.018638315,0.010230268,0.011201615,0.014261655,0.012299299,0.017245869,0.013815963,0.011430101
30-05-2024,0.016306448,0.010309145,0.011545535,0.013156409,0.012137298,0.017437527,0.013926301,0.011496823
31-05-2024,0.015626077,0.010345504,0.011646764,0.013305971,0.011877382,0.017506825,0.013207428,0.011399563
03-06-2024,0.015039691,0.014628353,0.011436033,0.013302222,0.012658077,0.017641708,0.01433965,0.009169466
04-06-2024,0.014643282,0.020161581,0.011460451,0.013946612,0.016469507,0.017194452,0.020263096,0.009303121
05-06-2024,0.014273603,0.020413174,0.011475939,0.014085726,0.017983597,0.016587036,0.021120376,0.010376406
06-06-2024,0.014468799,0.020427051,0.01207067,0.014277233,0.017813154,0.016776025,0.020884193,0.011324921
07-06-2024,0.014523363,0.020880581,0.012438555,0.014085837,0.017836419,0.016660178,0.020948634,0.013462475
10-06-2024,0.015142427,0.020841979,0.012372877,0.01412752,0.017923054,0.016512865,0.020929633,0.01408048
11-06-2024,0.019587991,0.020898567,0.012343206,0.014292992,0.017917936,0.016138662,0.020774752,0.014096953
12-06-2024,0.019877064,0.020889653,0.012290168,0.013935019,0.017927867,0.015005044,0.020748197,0.014124765
13-06-2024,0.019622566,0.020834202,0.012268228,0.013932617,0.017812245,0.015302795,0.018874718,0.014141233
14-06-2024,0.019252116,0.020887036,0.012235382,0.013815342,0.017814027,0.013936179,0.018828116,0.013999843
18-06-2024,0.019190339,0.020889343,0.012093256,0.014402863,0.017802327,0.009564702,0.018999423,0.013960257
20-06-2024,0.017163883,0.020475238,0.012130472,0.014947377,0.018855127,0.010025071,0.019799554,0.014049182
21-06-2024,0.017202577,0.020542386,0.011575994,0.014961141,0.018883809,0.010157005,0.019791886,0.014117389
24-06-2024,0.017204097,0.020463624,0.011215433,0.014926291,0.018685243,0.01071385,0.019703122,0.014098852
25-06-2024,0.017196412,0.020409843,0.011282933,0.014682482,0.018618785,0.010725364,0.020040636,0.013961997
26-06-2024,0.017398445,0.021371235,0.011306778,0.014744842,0.017926091,0.012834825,0.020135438,0.013945558
27-06-2024,0.017254554,0.021387258,0.011503016,0.014492567,0.01800254,0.013204158,0.020134389,0.014097035
28-06-2024,0.017531208,0.021648834,0.011320221,0.014620457,0.018112035,0.013934611,0.020409617,0.014148392
01-07-2024,0.018108507,0.02162664,0.011610452,0.014501399,0.018164403,0.014367263,0.020388698,0.014285712
02-07-2024,0.018178457,0.021596579,0.011657693,0.014513102,0.017812468,0.014463828,0.020723691,0.014447983
03-07-2024,0.018158704,0.021693787,0.011750208,0.014123062,0.017972641,0.01444111,0.020753263,0.014027391
05-07-2024,0.018369958,0.021996454,0.011424379,0.01392679,0.022566838,0.01453753,0.021209866,0.013945207
08-07-2024,0.018322446,0.021999617,0.011441725,0.013782043,0.022628482,0.014435996,0.021100642,0.013765375
09-07-2024,0.01815376,0.021934412,0.011454972,0.018542582,0.022626137,0.014433541,0.021010371,0.013745828
10-07-2024,0.017538774,0.021798299,0.011701008,0.017593763,0.022416904,0.014180575,0.020810795,0.013809205
11-07-2024,0.018317815,0.021784037,0.011512221,0.017580393,0.022294573,0.014999853,0.020827148,0.01369826
12-07-2024,0.018321247,0.021535876,0.016590659,0.017532046,0.02226517,0.015000719,0.020827962,0.01479555
15-07-2024,0.018386216,0.021384759,0.016472511,0.017574551,0.022048071,0.015136283,0.020304557,0.014545637
16-07-2024,0.018409276,0.021437406,0.015993175,0.017354984,0.022058243,0.014799171,0.020280836,0.013937801
18-07-2024,0.020743156,0.021444458,0.016314034,0.017089224,0.022019799,0.017150225,0.02029201,0.014087471
19-07-2024,0.020747145,0.019454662,0.016341818,0.017157555,0.021552644,0.017080819,0.019449261,0.014171677
22-07-2024,0.02077355,0.014919184,0.016416238,0.016599341,0.018924915,0.017074783,0.012651608,0.013807061
23-07-2024,0.020766463,0.014797226,0.016405046,0.015891104,0.017393319,0.01738637,0.011688083,0.013461556
24-07-2024,0.021557127,0.01477023,0.016076877,0.015827195,0.017481814,0.017874171,0.011744121,0.012976272
25-07-2024,0.021558159,0.013990995,0.015903144,0.015691521,0.0174686,0.017886694,0.01244034,0.011434618
26-07-2024,0.021131535,0.01412286,0.015847863,0.015815422,0.017391056,0.01787948,0.012480317,0.010962895
29-07-2024,0.016723941,0.014013959,0.015845572,0.015722753,0.017474821,0.017896352,0.012405332,0.01101405
30-07-2024,0.015948111,0.014044672,0.015812066,0.015821556,0.017480692,0.017948613,0.012442593,0.010699404
31-07-2024,0.016133409,0.014091878,0.015747141,0.016182324,0.017470978,0.018492898,0.012179202,0.01094133
01-08-2024,0.016381745,0.014062619,0.015452633,0.01650084,0.017561003,0.018729736,0.012219279,0.011149302
02-08-2024,0.016359288,0.01421411,0.016366931,0.01753389,0.017654227,0.024690379,0.012253952,0.012001695
05-08-2024,0.018239138,0.01557877,0.017395024,0.018157319,0.016890825,0.025338919,0.011711113,0.01446178
06-08-2024,0.018225701,0.015431492,0.017386891,0.018179393,0.016953913,0.02511941,0.011750534,0.014441077
07-08-2024,0.018358794,0.015373072,0.017397339,0.01852095,0.017154156,0.025046163,0.011643792,0.014742953
08-08-2024,0.018583962,0.015429305,0.017487385,0.018645434,0.016720232,0.025346886,0.010807322,0.015862913
09-08-2024,0.018395723,0.013760697,0.017590048,0.01861122,0.016729982,0.024135329,0.010372945,0.015971651
12-08-2024,0.018424436,0.013661697,0.01740139,0.018617078,0.016770572,0.02362484,0.010551633,0.015792297
13-08-2024,0.01837285,0.012896548,0.017304273,0.018537713,0.017833201,0.023836367,0.010146753,0.015730194
14-08-2024,0.017638187,0.012895622,0.017467609,0.018512889,0.017652873,0.023399025,0.009980182,0.015707985
16-08-2024,0.017746417,0.013089138,0.018032064,0.018475938,0.017660038,0.02461762,0.010338457,0.015726091
19-08-2024,0.017726096,0.013214929,0.017917798,0.018475531,0.017084263,0.024635654,0.010344127,0.015728033
20-08-2024,0.017292753,0.012444796,0.017873913,0.018491259,0.011782347,0.024501859,0.009050552,0.015661709
21-08-2024,0.017251619,0.012334913,0.017797841,0.018438237,0.011772212,0.024573712,0.009051132,0.015658181
22-08-2024,0.017300102,0.012306899,0.017984987,0.013651591,0.011788889,0.024807291,0.009211955,0.01560521
23-08-2024,0.017041663,0.012313,0.017605985,0.013649484,0.011751207,0.024837502,0.009435232,0.015716258
26-08-2024,0.016504793,0.012447826,0.017619831,0.013651832,0.011855969,0.024570142,0.009553178,0.015725267
27-08-2024,0.016339896,0.012313514,0.013267017,0.01402969,0.011860403,0.024642406,0.009729593,0.014668838
28-08-2024,0.016060748,0.012306895,0.01321776,0.014128051,0.011860463,0.024688149,0.00972661,0.014935115
29-08-2024,0.016304345,0.012499648,0.013220199,0.014206114,0.01185574,0.024759194,0.00961461,0.014936692
30-08-2024,0.013965005,0.012467557,0.012017194,0.014224469,0.011840718,0.024354196,0.009550526,0.014682782
03-09-2024,0.014874822,0.01197381,0.012177142,0.014117351,0.011800705,0.024447648,0.009946027,0.014372548
04-09-2024,0.014954612,0.010098074,0.012253124,0.014034234,0.011109003,0.024610866,0.010029337,0.014479522
05-09-2024,0.014986019,0.010325571,0.012254098,0.01404228,0.010758458,0.024791545,0.009779755,0.014309963
06-09-2024,0.014056616,0.010850071,0.012297841,0.013992293,0.010666881,0.025082665,0.010635411,0.014672944
09-09-2024,0.014021195,0.01084747,0.0122986,0.013995915,0.010627379,0.025475069,0.010663735,0.01465715
10-09-2024,0.014039515,0.010622273,0.012224293,0.013919322,0.010631672,0.025710331,0.010595718,0.013747679
11-09-2024,0.014185515,0.010558736,0.012289198,0.013845841,0.010539135,0.02620375,0.010581478,0.013722086
12-09-2024,0.014181693,0.011201968,0.012339164,0.013946822,0.010755704,0.026252404,0.010771619,0.014211118
13-09-2024,0.013926353,0.011198482,0.012322798,0.013479138,0.010757712,0.025731758,0.010769069,0.014191642
16-09-2024,0.014521693,0.011117456,0.012332306,0.012925774,0.010474347,0.025615188,0.010835385,0.014072691
17-09-2024,0.014468394,0.01096626,0.011257495,0.011004461,0.01024202,0.019484159,0.010561097,0.013621372
18-09-2024,0.011702777,0.008941012,0.011822734,0.008014853,0.009325682,0.017613119,0.009968606,0.012937018
19-09-2024,0.01313282,0.008909128,0.012050391,0.008229726,0.009173972,0.017782539,0.0098436,0.012927312
20-09-2024,0.013067678,0.009063477,0.012014432,0.008351887,0.009448869,0.0177948,0.011468731,0.012359289
23-09-2024,0.012938893,0.008836563,0.011965737,0.008020246,0.009411667,0.017667251,0.011708452,0.011156739
24-09-2024,0.012758103,0.008310156,0.011725213,0.008038284,0.009412691,0.017687766,0.011775554,0.010887496
25-09-2024,0.012765371,0.008113482,0.011621803,0.008034658,0.009416153,0.017804072,0.011732298,0.010642717
26-09-2024,0.012436174,0.008117345,0.011638652,0.011369344,0.006391428,0.017683619,0.011637163,0.01063813
27-09-2024,0.012434716,0.008737932,0.010848744,0.011406509,0.007440003,0.018067091,0.012138705,0.010381327
30-09-2024,0.012620305,0.010537798,0.009603468,0.012118431,0.007536299,0.016746272,0.01280431,0.010300547
01-10-2024,0.013774636,0.010456492,0.009065509,0.012123934,0.007589219,0.016788101,0.012607182,0.010648859
03-10-2024,0.013773024,0.012588803,0.009133959,0.014342195,0.009087931,0.017117148,0.012979885,0.010695448
04-10-2024,0.013803268,0.012772035,0.009087034,0.014365764,0.009402096,0.017653934,0.013239299,0.010941354
07-10-2024,0.014338652,0.012866601,0.009023968,0.014411874,0.010410255,0.018106134,0.013094177,0.011014332
08-10-2024,0.014619607,0.013480946,0.008951256,0.014409817,0.011051106,0.018176317,0.01298161,0.010884047
09-10-2024,0.014935255,0.013559644,0.008747744,0.014717564,0.011119039,0.018208744,0.012948163,0.010826366
10-10-2024,0.014929404,0.013527672,0.008779121,0.014477332,0.011589236,0.017999656,0.012815734,0.011123737
11-10-2024,0.014925455,0.013541913,0.009241205,0.014533613,0.011667454,0.017808169,0.01318225,0.010573301
14-10-2024,0.0149925,0.013129215,0.00921063,0.014919421,0.012347525,0.017886254,0.013241024,0.010791436
15-10-2024,0.015099406,0.013493399,0.008924771,0.014963189,0.01235792,0.016691316,0.013652365,0.010752365
16-10-2024,0.014274499,0.013636712,0.00886691,0.014993846,0.012449126,0.016511402,0.01351172,0.011374304
17-10-2024,0.01414803,0.013607472,0.008911184,0.015387773,0.012825461,0.016131585,0.013522998,0.012125607
18-10-2024,0.014248725,0.01349265,0.009045308,0.015388566,0.01284906,0.015542712,0.014396191,0.014687709
21-10-2024,0.014167299,0.013277942,0.009154759,0.015338678,0.013705425,0.013730465,0.013747181,0.014622943
22-10-2024,0.014192641,0.013623102,0.009450683,0.015795271,0.013805663,0.013199666,0.013221199,0.014611826
23-10-2024,0.014817639,0.013618051,0.009423281,0.015691579,0.013949473,0.013609621,0.013446651,0.014676445
24-10-2024,0.014704433,0.013613146,0.009409094,0.015940669,0.01395121,0.012749525,0.013444823,0.014702267
25-10-2024,0.014709951,0.012999152,0.009207217,0.016154284,0.013811601,0.012590988,0.01324944,0.01411364
28-10-2024,0.014759464,0.013086308,0.009417646,0.016132571,0.01386454,0.012587975,0.014303375,0.014121278
29-10-2024,0.013672243,0.013150615,0.009415707,0.017411242,0.013954167,0.012671009,0.015177743,0.014098334
30-10-2024,0.014059649,0.0131789,0.009466977,0.017887166,0.014103459,0.012650705,0.015471371,0.014495318
31-10-2024,0.014200112,0.013211284,0.008704458,0.018052335,0.013846408,0.014081683,0.015494492,0.014119027
01-11-2024,0.012668117,0.013225253,0.008635664,0.017865149,0.013779645,0.017777867,0.015486847,0.014127365
04-11-2024,0.012676161,0.013662051,0.008649081,0.017248051,0.013551278,0.017858289,0.014052339,0.014062576
05-11-2024,0.01267832,0.01360917,0.008679923,0.017374656,0.01422523,0.018055469,0.014217906,0.014066099
06-11-2024,0.012661695,0.014077672,0.011909149,0.017715217,0.014200593,0.019271733,0.0142405,0.015995892
07-11-2024,0.013256107,0.014157064,0.011923655,0.017661523,0.014173947,0.019300241,0.014579815,0.016109774
08-11-2024,0.01322669,0.014267539,0.011886467,0.014871839,0.014193992,0.019335535,0.014781751,0.016363816
11-11-2024,0.013406007,0.013545632,0.012110697,0.014878371,0.013886644,0.019063813,0.014603602,0.016649622
12-11-2024,0.012666801,0.012634637,0.012000784,0.014998736,0.014620091,0.018960583,0.013829921,0.016392327
13-11-2024,0.011537068,0.01283224,0.012120605,0.015007213,0.01512067,0.019225457,0.014039794,0.016147595
14-11-2024,0.011798856,0.011467337,0.011909853,0.013592941,0.014426316,0.019051188,0.013806831,0.01611735
18-11-2024,0.011769847,0.011281482,0.013055204,0.013783079,0.014202555,0.020852783,0.013589468,0.016728284
19-11-2024,0.010952807,0.011396874,0.013057718,0.013855827,0.013872867,0.019964872,0.013574984,0.016707637
21-11-2024,0.010452685,0.010752969,0.013169764,0.01385068,0.013458557,0.020904169,0.013571865,0.016671521
22-11-2024,0.01005386,0.012661969,0.015376511,0.013871259,0.013243056,0.020874726,0.014099235,0.018102099
25-11-2024,0.010314217,0.013165424,0.015617807,0.013401988,0.013475863,0.02116016,0.014429046,0.017860679
26-11-2024,0.010343072,0.01325439,0.015238978,0.013330172,0.013370067,0.02176439,0.014019436,0.018108367
27-11-2024,0.009933133,0.013248268,0.015259263,0.013364581,0.013054367,0.021828602,0.014022926,0.017967167
29-11-2024,0.009904931,0.012760342,0.015494279,0.013387649,0.0131932,0.021861243,0.01363762,0.019043231
02-12-2024,0.009869834,0.012933438,0.015442161,0.013812551,0.013135207,0.021881229,0.013480101,0.018845812
03-12-2024,0.010094085,0.013105593,0.015460518,0.013513335,0.012812102,0.021938148,0.013311748,0.018289329
04-12-2024,0.009889287,0.013221237,0.015557397,0.013658324,0.013117516,0.022165696,0.012482097,0.016278717
05-12-2024,0.009843721,0.013290514,0.015933801,0.013635256,0.012280923,0.022173578,0.012692856,0.01656987
06-12-2024,0.009826387,0.012930607,0.015596252,0.013458645,0.012204592,0.022596464,0.0127405,0.016634925
09-12-2024,0.009219084,0.01310019,0.015503853,0.013435952,0.012104823,0.021845144,0.012520474,0.016527721
10-12-2024,0.009205334,0.013154858,0.015501988,0.013207283,0.012077243,0.02194352,0.012542772,0.016607457
11-12-2024,0.009306855,0.013097834,0.015521395,0.012703301,0.012063438,0.022153189,0.01256729,0.016721604
12-12-2024,0.009256523,0.013189402,0.015502699,0.012813151,0.01200814,0.022262692,0.011413499,0.016737207
13-12-2024,0.009258574,0.013262988,0.015451011,0.010836406,0.011947328,0.022361113,0.010224213,0.016719386
16-12-2024,0.008814761,0.013239303,0.015736893,0.010269385,0.011780235,0.022591501,0.009814719,0.016326036
17-12-2024,0.007929933,0.013514947,0.015208566,0.010214085,0.012311188,0.021518011,0.009533494,0.015474056
18-12-2024,0.008645664,0.01354336,0.015209933,0.010349031,0.012581051,0.021114813,0.009958909,0.015478048
19-12-2024,0.008542026,0.013054616,0.015601569,0.010335623,0.012443497,0.020985626,0.010483455,0.015928377
20-12-2024,0.008952063,0.013460408,0.01632968,0.01015994,0.011834501,0.020816929,0.010098513,0.016111451
23-12-2024,0.008838482,0.013404563,0.014427397,0.009683478,0.012196606,0.019817146,0.010139538,0.014568057
24-12-2024,0.008364154,0.013211409,0.014447971,0.009735912,0.01215615,0.019894611,0.009548171,0.014474658
26-12-2024,0.008303103,0.012933057,0.014455427,0.010188732,0.012172756,0.019891083,0.009056174,0.014274631
27-12-2024,0.008388651,0.012901869,0.014271828,0.010074535,0.012138109,0.020078862,0.00904439,0.014009337
30-12-2024,0.008959046,0.012957915,0.014273735,0.009518575,0.011187149,0.02018444,0.00926057,0.014044474
31-12-2024,0.009182292,0.012642682,0.014404603,0.009484635,0.010374599,0.01980672,0.009108926,0.014288177
02-01-2025,0.010468826,0.013084671,0.014863778,0.01911069,0.010496763,0.019652745,0.009174172,0.01612602
03-01-2025,0.010482581,0.013134002,0.01413467,0.019109378,0.01152531,0.017666919,0.009907638,0.01525436
06-01-2025,0.01051238,0.013730003,0.014115904,0.019191414,0.011571482,0.017684912,0.009883847,0.015233328
07-01-2025,0.010809056,0.013886644,0.014363255,0.019099059,0.011578712,0.017299403,0.010105936,0.015257569
08-01-2025,0.010783846,0.012858362,0.012555293,0.01889797,0.011724834,0.017207267,0.009543385,0.01371892
10-01-2025,0.011560852,0.012884856,0.014128343,0.019172948,0.011449201,0.017187247,0.009086042,0.013983563
13-01-2025,0.011606163,0.012798975,0.014076792,0.019256206,0.011688306,0.016315011,0.009434828,0.013631862
14-01-2025,0.01163834,0.01279887,0.014261965,0.019519643,0.011444543,0.016187265,0.009623159,0.013807843
15-01-2025,0.012050284,0.012991759,0.014050106,0.019719689,0.011392154,0.016691215,0.009621017,0.01213913
16-01-2025,0.014000111,0.012930549,0.014167283,0.019666861,0.011408235,0.016762056,0.009763723,0.012192554
17-01-2025,0.013847615,0.013847892,0.014113715,0.019667012,0.011110054,0.017132289,0.010234746,0.016274187
21-01-2025,0.01488707,0.014279912,0.014393343,0.019924601,0.010394666,0.017092734,0.010857941,0.016322594
22-01-2025,0.014952874,0.014150455,0.01472211,0.019990527,0.010859827,0.017287852,0.010357543,0.016734069
23-01-2025,0.014953143,0.014201715,0.014715974,0.019909223,0.010869116,0.016511957,0.010381514,0.016740112
24-01-2025,0.014529143,0.01423725,0.014717236,0.019947367,0.010703075,0.016495246,0.010519343,0.016776868
27-01-2025,0.015834844,0.014366602,0.015131948,0.019868373,0.010784085,0.016456375,0.010927955,0.017311713
28-01-2025,0.01734091,0.014381801,0.015147605,0.019909924,0.012045781,0.016063928,0.011414145,0.017117134
29-01-2025,0.017324032,0.014236377,0.015390985,0.01996223,0.012125195,0.016049405,0.011448298,0.017940855
30-01-2025,0.017359212,0.01441256,0.015350797,0.019919906,0.012179209,0.016124987,0.011197721,0.017958057
31-01-2025,0.017207635,0.014513925,0.015236651,0.020375631,0.01225746,0.015703812,0.011182233,0.018049789
03-02-2025,0.018012114,0.014395925,0.014956294,0.023204596,0.012094395,0.015627855,0.011114897,0.018097719
04-02-2025,0.018210212,0.015466666,0.01505013,0.023075682,0.013017471,0.013227553,0.01113903,0.018488831
05-02-2025,0.018131948,0.015093098,0.014744464,0.023041184,0.013091511,0.01401823,0.010505226,0.01825763
06-02-2025,0.017726758,0.014519875,0.014092102,0.0229862,0.012937681,0.014088727,0.010528909,0.018217585
07-02-2025,0.018103932,0.01454803,0.014285222,0.022897485,0.012566052,0.016097626,0.01066018,0.018252466
10-02-2025,0.017903718,0.014701034,0.014254961,0.022982315,0.012663866,0.016086201,0.010705562,0.018332869
11-02-2025,0.018476285,0.014950463,0.014615691,0.023209008,0.012718129,0.015994371,0.01077851,0.018336802
12-02-2025,0.018789095,0.015198579,0.014622299,0.023292665,0.012703477,0.016062191,0.010645175,0.018343168
13-02-2025,0.019087783,0.015114727,0.014715919,0.023054934,0.012593119,0.01593192,0.010526631,0.018412445
14-02-2025,0.0192203,0.0150996,0.014533951,0.023072192,0.012590515,0.015905364,0.010544747,0.018309069
18-02-2025,0.018599503,0.014602866,0.014257232,0.01658927,0.012795455,0.016010473,0.010705907,0.01653197
19-02-2025,0.018595876,0.014533012,0.014474512,0.016667888,0.012007012,0.015687778,0.010502295,0.016893599
20-02-2025,0.018569903,0.013702021,0.014474429,0.01684172,0.012076769,0.015729404,0.010636705,0.016991327
21-02-2025,0.018440978,0.01327897,0.014231416,0.01694898,0.012088848,0.015957675,0.010641775,0.017002004
24-02-2025,0.018468532,0.012856925,0.014520668,0.016900513,0.012031343,0.016260352,0.010632137,0.017643348
25-02-2025,0.017862853,0.012517261,0.012340164,0.016636931,0.011308839,0.016074301,0.010518163,0.017249174
27-02-2025,0.019267181,0.012532952,0.012175118,0.016541435,0.011032078,0.016415968,0.010108368,0.017250384
28-02-2025,0.019528627,0.012565949,0.01333346,0.017524978,0.011378718,0.016748317,0.010321296,0.018694393
03-03-2025,0.019457984,0.013038679,0.013307444,0.017432981,0.011910704,0.017060223,0.010331779,0.01887191
04-03-2025,0.017981646,0.012823643,0.013633003,0.017429724,0.011904785,0.016981341,0.010207094,0.018885056
05-03-2025,0.017946293,0.011748703,0.013725154,0.017407796,0.011986703,0.016900136,0.00966769,0.016122636
06-03-2025,0.016848859,0.012607082,0.013842581,0.017036652,0.011978894,0.017400937,0.0085736,0.016096787
07-03-2025,0.017029637,0.014112744,0.012377264,0.0168863,0.011714661,0.016847632,0.008578075,0.01512814
10-03-2025,0.0193967,0.014080921,0.01237422,0.016909261,0.01171607,0.017114393,0.008577221,0.015226462
11-03-2025,0.020142284,0.013924189,0.01231665,0.016917917,0.011581295,0.017374485,0.009649783,0.015587261
12-03-2025,0.019453423,0.013744369,0.012244812,0.01690889,0.011606781,0.017606132,0.009259437,0.016536276
13-03-2025,0.018908429,0.01380791,0.012294437,0.016855149,0.010765775,0.01765683,0.008863981,0.016460787
17-03-2025,0.019380141,0.013878885,0.011743359,0.016761188,0.010750887,0.017901096,0.009260162,0.0154088
18-03-2025,0.019372723,0.013623973,0.01174242,0.016753513,0.010650855,0.017957625,0.009246871,0.015399265
19-03-2025,0.01956466,0.013561099,0.011679721,0.016014825,0.011201271,0.018001477,0.011153363,0.015121566
20-03-2025,0.018678221,0.013650336,0.012435719,0.009610376,0.011167235,0.017985618,0.011185324,0.01571606
21-03-2025,0.018615494,0.012394421,0.012271228,0.009634237,0.010226838,0.017486883,0.011337661,0.015151849
24-03-2025,0.01877125,0.012890147,0.01273896,0.010287784,0.010507347,0.018817261,0.01145126,0.015164517
25-03-2025,0.018958479,0.013115851,0.012918371,0.010283306,0.010681201,0.018841094,0.011690259,0.015771613
26-03-2025,0.018544895,0.013060444,0.012803256,0.010386994,0.010732349,0.017918858,0.011481793,0.015936476
27-03-2025,0.018654644,0.012922729,0.012843622,0.010286351,0.010635372,0.017483683,0.011475619,0.015954573
28-03-2025,0.018759663,0.012594968,0.012652425,0.010422934,0.010450751,0.018806003,0.011387497,0.016187869
01-04-2025,0.019013868,0.012728361,0.0128498,0.010415208,0.012290643,0.018711488,0.012239347,0.016694305
02-04-2025,0.018605061,0.012732206,0.012790305,0.011254869,0.012529043,0.019173973,0.012296563,0.017145293
03-04-2025,0.024607815,0.012743867,0.014285286,0.011238186,0.012524024,0.024626592,0.012244374,0.01775811
04-04-2025,0.027449276,0.01429474,0.014918775,0.011361513,0.012379282,0.0253797,0.011899464,0.01821902
07-04-2025,0.027862476,0.015425568,0.014546642,0.011475338,0.013899839,0.026084034,0.013550279,0.018852715
08-04-2025,0.028681862,0.015656016,0.014660257,0.011402044,0.013178631,0.026250721,0.013505955,0.019491085
09-04-2025,0.041548198,0.015663838,0.014713154,0.011338442,0.013195294,0.034899498,0.013207526,0.019563638
11-04-2025,0.041484861,0.016429781,0.013988213,0.011632787,0.013637084,0.035209707,0.012997277,0.019326113
15-04-2025,0.041757205,0.016627901,0.013997461,0.012233423,0.014670386,0.035478661,0.013889368,0.019566964
16-04-2025,0.041743618,0.016628572,0.014150984,0.012471851,0.014620226,0.035666443,0.013861671,0.019547103
17-04-2025,0.041647384,0.01730426,0.012863091,0.010798416,0.014512123,0.035422489,0.0146925,0.018409555
21-04-2025,0.041682053,0.016762219,0.012933878,0.010519946,0.014006666,0.035331727,0.0146889,0.018822123
22-04-2025,0.042316854,0.01667342,0.012707415,0.010209386,0.014228444,0.036123028,0.01468526,0.018963746
23-04-2025,0.042644062,0.016614369,0.013936005,0.010539905,0.01459165,0.036840108,0.014684131,0.020185223
24-04-2025,0.042837038,0.01590703,0.013583213,0.010526354,0.014652363,0.036905967,0.015150954,0.020143913
25-04-2025,0.04271157,0.014821828,0.013853104,0.010983878,0.014678539,0.036989606,0.015095269,0.020096448
28-04-2025,0.041875666,0.017371043,0.013826768,0.01113473,0.014644934,0.036763146,0.015225963,0.019967739
29-04-2025,0.041569473,0.017707946,0.013928498,0.011104584,0.014733069,0.036703716,0.014787944,0.019810489
30-04-2025,0.041463525,0.017693278,0.013518614,0.012762844,0.014611201,0.036720842,0.014799542,0.018378688
02-05-2025,0.041463616,0.01760503,0.013560118,0.01266516,0.014595877,0.036899798,0.014806596,0.018387504
05-05-2025,0.041665571,0.017475488,0.013613801,0.012667995,0.014606656,0.037014101,0.014697052,0.018334552
06-05-2025,0.041656974,0.017596704,0.013618497,0.012726442,0.014640984,0.036940612,0.014685002,0.018343651
07-05-2025,0.041614944,0.017808825,0.013638367,0.01272035,0.014358719,0.03703774,0.013498441,0.018343551
08-05-2025,0.041639728,0.0176342,0.013148441,0.013258396,0.014397032,0.037185208,0.013492537,0.01797515
09-05-2025,0.041468976,0.018197466,0.013113937,0.013479529,0.015000914,0.037178088,0.014702791,0.017828181
12-05-2025,0.043105573,0.019395507,0.016157363,0.01420657,0.015998344,0.039491614,0.016477532,0.023145282
13-05-2025,0.043070006,0.019446794,0.016930929,0.014346567,0.016333314,0.039501462,0.016526895,0.02371977
14-05-2025,0.043037263,0.019294503,0.017017117,0.014323787,0.016295716,0.039268087,0.01648865,0.02367715
15-05-2025,0.042991511,0.019542389,0.017082601,0.014741625,0.016329662,0.039562524,0.016707519,0.023789536
16-05-2025,0.042719078,0.019507513,0.016961499,0.014225839,0.01633203,0.038668902,0.01667074,0.023627436
19-05-2025,0.042515167,0.01927423,0.016868071,0.014179317,0.014933522,0.038653837,0.016047892,0.023299063
20-05-2025,0.042530129,0.019469705,0.016897104,0.014933549,0.014975283,0.038590122,0.016116437,0.023137223
21-05-2025,0.039181288,0.019433199,0.015217666,0.014927297,0.014978395,0.034658443,0.016101803,0.022176366
22-05-2025,0.036662976,0.018275895,0.014294499,0.014750717,0.014894599,0.033553931,0.016121893,0.021555145
23-05-2025,0.036439621,0.016857017,0.014268171,0.014444198,0.01339188,0.033496736,0.014395417,0.020221263
27-05-2025,0.035239079,0.016898869,0.0143096,0.01440531,0.01343762,0.033148523,0.014402305,0.019901703
28-05-2025,0.02153523,0.017048495,0.013989319,0.014500263,0.01342653,0.025425635,0.014393461,0.019513759
29-05-2025,0.021528679,0.016521426,0.013931321,0.014390058,0.012844905,0.024541437,0.014371785,0.019533635
30-05-2025,0.021225742,0.016367463,0.014111757,0.013965247,0.011620675,0.02381424,0.013644931,0.019497167
02-06-2025,0.019914829,0.016436787,0.014113528,0.013592157,0.011661691,0.022936488,0.013639603,0.019431095
03-06-2025,0.019813316,0.015901042,0.014319808,0.013863929,0.011374422,0.022830474,0.012089639,0.019529321
04-06-2025,0.019439975,0.015810718,0.014279539,0.013855982,0.011315651,0.021749298,0.012129169,0.019210784
05-06-2025,0.01858323,0.015862682,0.014285721,0.013872806,0.010846498,0.021121132,0.012459879,0.018745625
06-06-2025,0.01828435,0.015861732,0.013229702,0.014497546,0.010560993,0.020368742,0.012438187,0.01768952
09-06-2025,0.018077393,0.015855334,0.01336349,0.014662289,0.010525675,0.019819549,0.012523875,0.017673862
10-06-2025,0.018097062,0.015957409,0.0133109,0.014403349,0.010602378,0.019766915,0.012632986,0.017798243
11-06-2025,0.018374004,0.013022888,0.013311493,0.014336277,0.010690603,0.020189498,0.012283791,0.018122798
12-06-2025,0.018344363,0.012481585,0.013388708,0.01438429,0.010649805,0.020173126,0.012306734,0.018356847
13-06-2025,0.018410564,0.012616522,0.013361837,0.012917365,0.010837361,0.019896883,0.012357029,0.018401764
16-06-2025,0.017562491,0.012535781,0.013547028,0.012854342,0.010965757,0.01950497,0.012432758,0.018505206
17-06-2025,0.016789324,0.012484328,0.01352932,0.012864895,0.010888889,0.019099458,0.012441541,0.018542063
18-06-2025,0.016812845,0.012408762,0.013971827,0.012928924,0.01088556,0.019186929,0.012509458,0.018593624
20-06-2025,0.017165711,0.013037611,0.013974655,0.012922341,0.011194271,0.019241213,0.012649291,0.018647512
23-06-2025,0.017138866,0.013116696,0.01415964,0.012476115,0.011180703,0.019125427,0.012679339,0.019290821
24-06-2025,0.017161684,0.012464661,0.014153613,0.012348261,0.010532035,0.019395054,0.011133593,0.01928325
25-06-2025,0.01251218,0.009934775,0.010627589,0.011308413,0.008473132,0.012798115,0.00781538,0.013277731
26-06-2025,0.01232121,0.01004912,0.009239799,0.011149251,0.008566438,0.013321844,0.007682272,0.011390036
27-06-2025,0.012326457,0.010242518,0.009047037,0.010867068,0.00849457,0.014172054,0.008176626,0.011148374
30-06-2025,0.012956208,0.009823597,0.008961992,0.010565444,0.008426714,0.013793915,0.007854914,0.010940276
01-07-2025,0.013200321,0.010326798,0.00906341,0.010566485,0.008451448,0.013801606,0.008027809,0.01059496
02-07-2025,0.013649022,0.010174319,0.008824785,0.010956277,0.008865283,0.013829933,0.008021902,0.00991364
03-07-2025,0.013543116,0.0098855,0.008841118,0.009961176,0.008494118,0.013841891,0.007915017,0.009931863
07-07-2025,0.013203953,0.010185697,0.008727444,0.010517044,0.008453422,0.013452964,0.007975406,0.009932626
08-07-2025,0.013172509,0.009756694,0.008374062,0.010337194,0.008458719,0.01397888,0.00801194,0.009555583
09-07-2025,0.011741344,0.009963559,0.008173628,0.01036997,0.00841968,0.013915796,0.008046677,0.009458556
10-07-2025,0.010962064,0.009931303,0.008145656,0.010672876,0.00839396,0.013328413,0.008092567,0.009741555
11-07-2025,0.011056191,0.01027553,0.01018339,0.010657437,0.008706023,0.01333442,0.008024649,0.010090638
14-07-2025,0.011319618,0.010419278,0.01038123,0.010671764,0.008711085,0.013331283,0.008015138,0.010409862
15-07-2025,0.011306607,0.01041888,0.010488374,0.010607922,0.008642214,0.013274295,0.007992928,0.01055302
16-07-2025,0.011314326,0.010348294,0.010481458,0.010596385,0.008516936,0.013612581,0.007978999,0.010765007
17-07-2025,0.011255781,0.010358352,0.010324507,0.010373208,0.008536238,0.013544383,0.007885081,0.011079787
18-07-2025,0.011264668,0.010147563,0.010337856,0.010415559,0.008924016,0.013583359,0.007900395,0.011049848
21-07-2025,0.011054491,0.011576892,0.01044365,0.010397392,0.009722193,0.013731609,0.008940881,0.011052946
22-07-2025,0.010802061,0.011741089,0.010395475,0.009164657,0.009384938,0.013112275,0.008971132,0.011126639
23-07-2025,0.010499035,0.011831241,0.01021493,0.009012947,0.009487423,0.01285604,0.00851477,0.011083885
24-07-2025,0.010495007,0.012078237,0.009935675,0.008906061,0.009438521,0.013162992,0.008372906,0.011017601
25-07-2025,0.009721622,0.01205036,0.009879748,0.009134072,0.009316874,0.012512153,0.008394743,0.010907213
28-07-2025,0.009726358,0.01203385,0.010153091,0.009137465,0.009269271,0.012513721,0.008419331,0.01069971
29-07-2025,0.00968029,0.012599471,0.010095854,0.009335648,0.008870711,0.012573551,0.008308169,0.010691921
30-07-2025,0.009852137,0.012554842,0.009494699,0.009418568,0.008770673,0.012256042,0.008263261,0.01034213
31-07-2025,0.009545375,0.012778311,0.009314469,0.009374217,0.008786595,0.012447671,0.008239439,0.010113498
01-08-2025,0.010724045,0.01279346,0.009048177,0.009414733,0.008832783,0.019886479,0.008210067,0.010978068
04-08-2025,0.009962704,0.012102688,0.010414915,0.00944671,0.008672501,0.019914405,0.008132729,0.011141386
05-08-2025,0.009965451,0.012294242,0.010283866,0.009730082,0.008635389,0.019949303,0.008450173,0.010618345
06-08-2025,0.013513931,0.012290161,0.010353855,0.00964496,0.008592818,0.020899492,0.008442087,0.0108973
07-08-2025,0.014544438,0.012056071,0.009810703,0.009504815,0.008465003,0.020877744,0.008455943,0.009921355
08-08-2025,0.016167155,0.011643753,0.00979427,0.009494606,0.007803579,0.020457486,0.008304546,0.009937523
11-08-2025,0.016322103,0.011644244,0.009821023,0.009431024,0.00794734,0.019825508,0.007730874,0.010036371
12-08-2025,0.016089974,0.011575138,0.00964768,0.009310852,0.008198805,0.019551103,0.007476448,0.010038117
13-08-2025,0.016159721,0.01089667,0.009631315,0.009311422,0.008198408,0.019690785,0.00727017,0.010008396
14-08-2025,0.015824785,0.010882835,0.009624326,0.009069741,0.007910459,0.02031915,0.007294205,0.010522127
18-08-2025,0.015953202,0.010995731,0.009612014,0.01814713,0.007987978,0.020146296,0.007340202,0.01042792
19-08-2025,0.015542202,0.011892329,0.009576767,0.017731926,0.00807922,0.02036807,0.007242322,0.010369501
20-08-2025,0.016095131,0.011900876,0.011147335,0.017604049,0.007978478,0.020369,0.007240183,0.01288038
21-08-2025,0.016143685,0.011924452,0.011152285,0.017604552,0.007929041,0.020268476,0.007371635,0.01289262
22-08-2025,0.016243378,0.012036132,0.011389829,0.017514765,0.008277045,0.02103638,0.007408513,0.012816113
25-08-2025,0.016196347,0.011837284,0.011237759,0.017401564,0.008029728,0.020947139,0.007416279,0.013974384
26-08-2025,0.016001121,0.012238739,0.011056244,0.017453471,0.008181613,0.020948803,0.007739303,0.01371629
28-08-2025,0.01612163,0.01223512,0.011456778,0.017447347,0.008548916,0.021059732,0.007995198,0.013969597
29-08-2025,0.016150655,0.012687093,0.011458175,0.017444501,0.008595328,0.020998647,0.007980577,0.014038067
02-09-2025,0.016334338,0.012789876,0.011548886,0.017280339,0.008645606,0.021223072,0.007935988,0.014430286
03-09-2025,0.017534984,0.012845681,0.011529353,0.017158761,0.008542206,0.021151389,0.007885698,0.01456124
04-09-2025,0.01753291,0.011641307,0.011402737,0.017679129,0.007550401,0.022419734,0.005930368,0.014644672
05-09-2025,0.017527989,0.011729804,0.011711478,0.017769138,0.007530966,0.02253598,0.00580493,0.014721095
08-09-2025,0.017630196,0.011622626,0.011726726,0.018055667,0.007340884,0.022680012,0.005388575,0.014722181
09-09-2025,0.01792834,0.011305271,0.011812083,0.017903563,0.007310754,0.022545043,0.005395279,0.01744396
10-09-2025,0.019064176,0.011216152,0.01239371,0.018091873,0.007318001,0.023390976,0.005379654,0.017253939
11-09-2025,0.019189412,0.01123578,0.011952248,0.018008178,0.007318322,0.023367721,0.005099451,0.017483324
12-09-2025,0.019143343,0.010630876,0.011859778,0.018058606,0.007173418,0.023369754,0.005642245,0.017585203
15-09-2025,0.019000502,0.010611971,0.011941184,0.018153167,0.007146543,0.023508495,0.005655062,0.017702122
16-09-2025,0.018878924,0.010299446,0.012021624,0.018250902,0.00713764,0.023392499,0.005676396,0.017662506
17-09-2025,0.018025109,0.010342856,0.011860191,0.017839806,0.007133716,0.017544165,0.005581836,0.016987317
18-09-2025,0.018124487,0.010087404,0.011117426,0.017882568,0.007265924,0.017267704,0.005528004,0.017063557
19-09-2025,0.018697134,0.009783709,0.011104152,0.017877638,0.00738011,0.017222583,0.005595661,0.016828214
22-09-2025,0.018103454,0.010045508,0.012330827,0.017916045,0.007336812,0.016065938,0.005595725,0.017305892
23-09-2025,0.017586376,0.010034817,0.012326387,0.018005295,0.007333196,0.017038867,0.005647308,0.01731218
24-09-2025,0.01626256,0.009639408,0.012420109,0.017872343,0.007181954,0.017039989,0.005799233,0.017198502
25-09-2025,0.016322792,0.009433277,0.013275104,0.017862175,0.006802439,0.017087251,0.005837365,0.017261297
26-09-2025,0.016366495,0.00942824,0.013715292,0.017800065,0.006499035,0.017145939,0.006147565,0.01787229
29-09-2025,0.016254319,0.009446215,0.013711781,0.018396151,0.006508934,0.017067905,0.006276391,0.017900388
30-09-2025,0.016228596,0.009508653,0.013701313,0.018415705,0.006394942,0.016290621,0.00617187,0.017695927
01-10-2025,0.016089218,0.009468186,0.013822543,0.010595374,0.006935064,0.016318508,0.007041683,0.017633271
03-10-2025,0.016104601,0.007860255,0.013825238,0.010773394,0.006871979,0.016133392,0.007051333,0.017626781
06-10-2025,0.015578734,0.008027734,0.014008496,0.010832396,0.007091232,0.01584964,0.007038092,0.016504834
07-10-2025,0.015512444,0.007982206,0.01401765,0.010845217,0.007313025,0.015794626,0.00694699,0.016638038
08-10-2025,0.015438767,0.008057335,0.014175797,0.010997325,0.006928993,0.014978666,0.006898807,0.017252269
09-10-2025,0.015815105,0.008187283,0.013309559,0.011020276,0.006934641,0.015110346,0.006979198,0.01642418
10-10-2025,0.017250901,0.007396321,0.01338403,0.010992625,0.006773285,0.017632662,0.006743855,0.016438985
13-10-2025,0.017165317,0.007446025,0.012955264,0.010991556,0.006096544,0.017776041,0.006383943,0.016264296
14-10-2025,0.017151935,0.00636347,0.013228518,0.011070238,0.005946649,0.017907066,0.006421769,0.015814459
15-10-2025,0.016994885,0.006253834,0.013187085,0.0111284,0.00573312,0.017709711,0.006691351,0.015506845
16-10-2025,0.015730063,0.006968375,0.013176609,0.011125108,0.006152784,0.017704301,0.007119344,0.015325969
17-10-2025,0.016063851,0.007052522,0.013179586,0.010423158,0.006192167,0.015598835,0.007448149,0.015664202
20-10-2025,0.017460105,0.009226826,0.013351965,0.010176105,0.006192916,0.015845355,0.009575506,0.015694751
21-10-2025,0.017344916,0.00924596,0.013243187,0.009399384,0.006219212,0.016351182,0.009632026,0.01566413
23-10-2025,0.017253432,0.009550793,0.013730487,0.009370526,0.006204379,0.016195761,0.009906941,0.014507771
24-10-2025,0.015933945,0.009548552,0.013244437,0.008856352,0.00681387,0.015371438,0.010114468,0.014100511
27-10-2025,0.016177765,0.010254629,0.013284236,0.008869272,0.006939651,0.015554455,0.010112847,0.013818653
28-10-2025,0.016030371,0.010190697,0.013359817,0.008647925,0.006933051,0.015599057,0.010009234,0.013698625
29-10-2025,0.015987736,0.010335452,0.013307517,0.008891707,0.006948561,0.01539498,0.010073003,0.013580931
30-10-2025,0.015988397,0.010592299,0.013191113,0.008211477,0.007230739,0.016317005,0.010095731,0.013742536
31-10-2025,0.016059309,0.010580871,0.01316421,0.00782882,0.007550825,0.024027555,0.010300379,0.013747643
03-11-2025,0.016063904,0.010592802,0.013349941,0.009977461,0.007367069,0.024993068,0.010290785,0.013561801
04-11-2025,0.015181984,0.01065786,0.013416008,0.010446211,0.007242966,0.025308046,0.01009394,0.013715377
06-11-2025,0.013200703,0.010640257,0.012378414,0.010496381,0.007218086,0.025581106,0.010281709,0.012848234
07-11-2025,0.013168927,0.010958127,0.012411334,0.009914718,0.007085816,0.024817872,0.010830688,0.012909656
10-11-2025,0.013033924,0.010920849,0.012489882,0.00982543,0.006952819,0.024895849,0.010780452,0.013666544
11-11-2025,0.013196013,0.010749849,0.011557507,0.009863026,0.007025025,0.024764205,0.010857159,0.013709334
12-11-2025,0.013217416,0.010881059,0.011849229,0.009889094,0.006953057,0.025153042,0.01064158,0.012985966
13-11-2025,0.01318741,0.010830599,0.012003944,0.009357559,0.006956338,0.025734791,0.011108237,0.013019289
14-11-2025,0.013209159,0.010680142,0.011973414,0.009359845,0.006962482,0.025743744,0.011265333,0.013991467
17-11-2025,0.013728761,0.010705622,0.011932205,0.009633017,0.006565309,0.025807532,0.010819099,0.013992494
18-11-2025,0.013639213,0.010628814,0.01194493,0.009469331,0.006630855,0.027144419,0.010805535,0.01429566
19-11-2025,0.01359291,0.010612601,0.011260351,0.009383072,0.006477227,0.02712436,0.01087156,0.015322965
20-11-2025,0.013714965,0.011015881,0.011200144,0.009294702,0.006765184,0.027511337,0.010748755,0.015129524
21-11-2025,0.014094692,0.010629474,0.010788117,0.009477092,0.007041063,0.027528413,0.010876687,0.014528981
24-11-2025,0.013939149,0.010796914,0.010652435,0.009474529,0.007027797,0.027851394,0.010847521,0.014453242
25-11-2025,0.012016347,0.010798081,0.010524554,0.008903033,0.007237958,0.026305115,0.010917951,0.014629347
26-11-2025,0.011974884,0.011053141,0.010661662,0.009435961,0.007618967,0.026166853,0.011178835,0.01464956
28-11-2025,0.011957621,0.011086382,0.010318421,0.0098378,0.00763377,0.026087319,0.011314146,0.014628363
01-12-2025,0.012125735,0.011081812,0.01029509,0.010111107,0.00772566,0.026057455,0.011152189,0.014435082
02-12-2025,0.011967692,0.011222469,0.010293171,0.010197,0.007499374,0.026012668,0.011057959,0.014434556
03-12-2025,0.011836288,0.011162762,0.010490241,0.010269056,0.00761183,0.026042159,0.011051459,0.013827786
04-12-2025,0.01014745,0.009352254,0.01037583,0.010299414,0.007634372,0.026109285,0.009368429,0.013786991
05-12-2025,0.010285443,0.009343258,0.010330096,0.010855567,0.007669021,0.025731864,0.00933028,0.013844484
08-12-2025,0.009984918,0.009006135,0.009654462,0.010904635,0.007665624,0.025820994,0.008988199,0.012273078
09-12-2025,0.009835328,0.00922583,0.009802767,0.010985301,0.007302201,0.02571458,0.009017493,0.012375618
10-12-2025,0.009045091,0.008393945,0.009839725,0.010894979,0.007256781,0.025799343,0.009147448,0.012538446
11-12-2025,0.009073817,0.008426162,0.009660881,0.011202233,0.007529936,0.025776175,0.008954754,0.012561154
12-12-2025,0.009069894,0.008282632,0.00975114,0.011431475,0.007489216,0.025975076,0.008936796,0.012535658
15-12-2025,0.009473872,0.007993583,0.009600939,0.011489396,0.007343689,0.025450142,0.008871088,0.012306671
16-12-2025,0.009443433,0.008203675,0.009710538,0.011511165,0.007063995,0.017947145,0.008542891,0.012335095
17-12-2025,0.009594119,0.008191065,0.00928915,0.00962329,0.007251493,0.016008281,0.008754825,0.012349016
18-12-2025,0.009576022,0.008012022,0.009570924,0.008984377,0.007167426,0.016641677,0.008662646,0.012254622
19-12-2025,0.009616978,0.007888001,0.009556428,0.00898594,0.007252062,0.01613086,0.008332149,0.012245672
22-12-2025,0.00975736,0.007502653,0.009564731,0.009260007,0.007247486,0.01611701,0.007972749,0.013214549
23-12-2025,0.009766477,0.00748546,0.009562864,0.009293763,0.007416401,0.016113715,0.007995379,0.013001162
24-12-2025,0.008967909,0.007691178,0.009530611,0.009332935,0.007302069,0.016098116,0.007890727,0.012964513
26-12-2025,0.008892518,0.007422655,0.008659954,0.009461952,0.007354235,0.015760861,0.00799227,0.012854612
29-12-2025,0.008887829,0.007631798,0.008674203,0.009503699,0.00733334,0.015002949,0.007083913,0.012866597
30-12-2025,0.008892456,0.007626205,0.008687773,0.009475272,0.007316204,0.014850841,0.006908664,0.012182292
