Price,Open,Close,Volume
Ticker,RELIANCE.NS,RELIANCE.NS,RELIANCE.NS
Date,,,
2023-01-02,1164.066351583663,1175.8896484375,5316175
2023-01-03,1170.9366586985077,1167.28466796875,7658932
2023-01-04,1167.2618507099899,1149.7095947265625,9264891
2023-01-05,1151.969321148222,1147.6553955078125,13637099
2023-01-06,1153.4072395784428,1158.0863037109375,6349597
2023-01-09,1161.9207528429104,1185.4302978515625,10722753
2023-01-10,1189.6302560157692,1167.9010009765625,8047142
2023-01-11,1165.2077656913489,1153.1790771484375,11509553
2023-01-12,1152.5855061360771,1128.2769775390625,17688773
2023-01-13,1122.2513519945564,1126.451171875,20618583
2023-01-16,1128.7791493112115,1115.723388671875,13623855
2023-01-17,1122.0686670526488,1131.5638427734375,10751000
2023-01-18,1129.1444306357287,1129.692138671875,13448286
2023-01-19,1128.8705038207283,1128.4825439453125,11940054
2023-01-20,1129.8291140692525,1115.0615234375,14930286
2023-01-23,1117.960272105855,1109.4237060546875,10954118
2023-01-24,1113.851719292168,1102.873046875,16488755
2023-01-25,1101.2753294802073,1087.6259765625,12385018
2023-01-27,1088.470529311336,1066.9923095703125,25830975
2023-01-30,1064.4132886312711,1077.218017578125,21772103
2023-01-31,1087.3749062182637,1074.5245361328125,22691594
2023-02-01,1086.43914786492,1068.156494140625,19347800
2023-02-02,1058.1590377354637,1062.2447509765625,13662663
2023-02-03,1072.3105805967245,1063.1806640625,24699575
2023-02-06,1056.7896118119152,1055.1690673828125,14837879
2023-02-07,1055.4202857843334,1052.6356201171875,15135435
2023-02-08,1055.8766387784026,1073.6572265625,21160332
2023-02-09,1074.341987106508,1075.52880859375,13172763
2023-02-10,1075.0039060071294,1066.6728515625,10790445
2023-02-13,1068.293381324993,1060.6014404296875,10352493
2023-02-14,1063.6143185684562,1085.5946044921875,14321920
2023-02-15,1084.6358877756606,1110.1768798828125,33503591
2023-02-16,1118.1656324865594,1109.3095703125,17264487
2023-02-17,1104.7217922905263,1113.9429931640625,11809520
2023-02-20,1116.13425652598,1102.16552734375,8836937
2023-02-21,1106.547846833629,1111.158447265625,13311592
2023-02-22,1107.4380609994967,1085.9598388671875,11024335
2023-02-23,1085.5490279902117,1080.7557373046875,9851910
2023-02-24,1082.8100022510873,1088.1510009765625,9434053
2023-02-27,1087.3750050988056,1080.91552734375,11199715
2023-02-28,1075.5516247048565,1060.2362060546875,21994038
2023-03-01,1070.0280642112666,1069.982421875,11551145
2023-03-02,1066.8325430044117,1061.8338623046875,9333535
2023-03-03,1072.3789987479975,1088.927001953125,14643807
2023-03-06,1095.5918675399987,1099.5633544921875,10171916
2023-03-08,1099.5632986303585,1103.5120849609375,15782657
2023-03-09,1102.8958764013148,1076.9896240234375,16235128
2023-03-10,1068.8868957671646,1060.3046875,13334091
2023-03-13,1063.1805534779228,1042.866455078125,12771592
2023-03-14,1040.812257084253,1038.9635009765625,16027522
2023-03-15,1042.6839083296516,1021.2056884765625,21728555
2023-03-16,1023.9218900002587,1016.11572265625,18363159
2023-03-17,1024.7208434439497,1014.8377075195312,34014213
2023-03-20,1011.1400066065017,1004.8631591796875,19524589
2023-03-21,1012.9430039303461,1036.1102294921875,21400360
2023-03-22,1043.0948141638403,1039.26025390625,10920094
2023-03-23,1035.3343603002547,1026.1131591796875,16249370
2023-03-24,1024.9489888672188,1005.7989501953125,12375945
2023-03-27,1012.2812223607901,1021.4338989257812,14054323
2023-03-28,1024.8349561252708,1026.2044677734375,12576424
2023-03-29,1022.095796356596,1020.1329345703125,18804065
2023-03-31,1029.3999027039445,1064.116455078125,28171201
2023-04-03,1070.4846960590223,1064.299072265625,10293043
2023-04-05,1071.8540232011114,1061.74267578125,16262928
2023-04-06,1058.2275373074351,1068.8638916015625,18435046
2023-04-10,1072.7671126043012,1061.2861328125,12961408
2023-04-11,1065.4630510078462,1066.5357666015625,10542367
2023-04-12,1066.5357872569193,1071.23779296875,18179087
2023-04-13,1074.1365320735108,1075.27783203125,12378208
2023-04-17,1106.9814803229494,1080.73291015625,17929479
2023-04-18,1085.0923881243807,1068.36181640625,10405576
2023-04-19,1067.768405195298,1073.6800537109375,12273475
2023-04-20,1074.638679040759,1070.9638671875,7007330
2023-04-21,1073.0637661728558,1072.310546875,7647317
2023-04-24,1084.1794719407253,1076.4190673828125,12936186
2023-04-25,1080.0709122812248,1084.65869140625,9236126
2023-04-26,1086.0054116702795,1078.2906494140625,8617834
2023-04-27,1084.1794457664448,1085.115234375,9167125
2023-04-28,1087.374995527852,1104.9500732421875,15565210
2023-05-02,1112.1170391794083,1114.3310546875,12981805
2023-05-03,1116.1342091904096,1104.7674560546875,7061872
2023-05-04,1105.2467632974385,1117.503662109375,8635233
2023-05-05,1114.3083172243437,1114.650634765625,8746585
2023-05-08,1118.4167001177036,1128.4140625,9153782
2023-05-09,1129.8290394334551,1131.9061279296875,6464721
2023-05-10,1136.6766978121202,1139.6895751953125,10872255
2023-05-11,1140.7622816578707,1132.2486572265625,10557860
2023-05-12,1127.4553650769165,1134.097412109375,6955341
2023-05-15,1136.6310244600713,1136.334228515625,6833343
2023-05-16,1138.5024831085086,1120.1513671875,8717229
2023-05-17,1124.3510275803587,1113.5321044921875,8798967
2023-05-18,1118.2112689036005,1111.1356201171875,10525531
2023-05-19,1111.1355938507186,1114.7418212890625,8050447
2023-05-22,1111.5691808774143,1120.6990966796875,7434906
2023-05-23,1123.2784399572938,1120.4937744140625,6092034
2023-05-24,1116.545095308795,1113.9658203125,8112254
2023-05-25,1111.0672556833676,1113.8289794921875,11487863
2023-05-26,1122.0687058844728,1144.2088623046875,12626260
2023-05-29,1150.8278330032474,1150.645263671875,10010304
2023-05-30,1150.6454300892005,1150.3487548828125,11342504
2023-05-31,1141.2414908293927,1127.5008544921875,27107927
2023-06-01,1132.1802156805027,1124.46533203125,14592692
2023-06-02,1128.0032245554776,1120.79052734375,15800644
2023-06-05,1126.268543700321,1130.8563232421875,10908682
2023-06-06,1133.6865172838243,1131.8148193359375,7493309
2023-06-07,1135.3070073943356,1140.39697265625,10312545
2023-06-08,1143.9804362633743,1141.0816650390625,12071109
2023-06-09,1144.4370477074842,1133.0018310546875,5877018
2023-06-12,1130.0574375493186,1134.006103515625,6391969
2023-06-13,1138.9590448637286,1150.7593994140625,11248016
2023-06-14,1150.827933567815,1164.910888671875,13277380
2023-06-15,1164.888030487722,1165.23046875,11813494
2023-06-16,1168.72265257123,1176.574462890625,24171579
2023-06-19,1179.5873088461865,1164.8880615234375,6798554
2023-06-20,1162.9480481347903,1167.3074951171875,6921096
2023-06-21,1167.2617442064677,1170.59423828125,6961603
2023-06-22,1166.8053921892115,1157.4471435546875,7619166
2023-06-23,1154.4343325060674,1147.9749755859375,6628570
2023-06-26,1144.436975506937,1139.2100830078125,12641159
2023-06-27,1139.666736088607,1139.62109375,9689466
2023-06-28,1147.1760589375283,1154.708251953125,11354006
2023-06-30,1162.4229485666156,1164.180419921875,11151555
2023-07-03,1167.741194264735,1194.0582275390625,12154387
2023-07-04,1198.3036177471888,1181.755615234375,8061643
2023-07-05,1190.9997357239995,1179.8155517578125,10248062
2023-07-06,1175.958111582341,1204.5804443359375,19117987
2023-07-07,1202.8686056265724,1202.2294921875,13375267
2023-07-10,1227.4738168988026,1248.5411376953125,33240016
2023-07-11,1256.6895309307056,1262.076171875,20069348
2023-07-12,1262.806571231475,1263.468505859375,18733835
2023-07-13,1270.8408996155135,1252.170166015625,14682934
2023-07-14,1255.3657025022662,1251.120361328125,15124144
2023-07-17,1253.9962192785829,1276.68408203125,22220040
2023-07-18,1285.9509768018002,1287.52587890625,25867313
2023-07-19,1291.8854597114334,1297.294921875,39122156
2023-07-20,1276.0147195399904,1295.7237548828125,38717624
2023-07-21,1290.3576048302098,1255.6134033203125,30249238
2023-07-24,1227.0515368964086,1230.216796875,23727866
2023-07-25,1233.4810641733905,1229.425537109375,12026020
2023-07-26,1229.029726310642,1249.4063720703125,12911012
2023-07-27,1253.2889256301971,1237.7838134765625,17226898
2023-07-28,1242.4082771327046,1250.22265625,20827852
2023-07-31,1250.222567835286,1260.8065185546875,8551174
2023-08-01,1263.6503718598296,1242.9769287109375,9536632
2023-08-02,1240.9986995264646,1229.6976318359375,12748214
2023-08-03,1224.23249959185,1224.5291748046875,10168350
2023-08-04,1235.8549028515122,1241.171630859375,22885610
2023-08-07,1246.8346631113916,1248.2442626953125,5982870
2023-08-08,1250.2967221809695,1240.7265625,9844072
2023-08-09,1238.8472469851743,1248.911865234375,11486586
2023-08-10,1248.7882887892447,1254.4759521484375,15470598
2023-08-11,1252.4975295128647,1259.767822265625,22179330
2023-08-14,1255.7371227128601,1274.65478515625,9575812
2023-08-16,1261.6721656259772,1273.6162109375,10203112
2023-08-17,1269.6347394983914,1255.242431640625,13673744
2023-08-18,1251.9041214413387,1264.5406494140625,18639978
2023-08-21,1260.6443643964944,1250.74267578125,9221746
2023-08-22,1249.204008079304,1250.44482421875,7713044
2023-08-23,1252.8272476636503,1251.8345947265625,9517952
2023-08-24,1260.6195534341234,1230.7904052734375,14140020
2023-08-25,1218.9778633049934,1225.1075439453125,22222400
2023-08-28,1226.9189266304347,1212.897705078125,12580826
2023-08-29,1217.0173382536789,1201.2838134765625,16876644
2023-08-30,1207.066064519438,1200.142333984375,12168946
2023-08-31,1202.5990605910981,1194.6578369140625,21638600
2023-09-01,1194.4343955405523,1197.4619140625,18112842
2023-09-04,1197.4619529612135,1196.494140625,9347626
2023-09-05,1201.1101487589585,1202.89697265625,8675876
2023-09-06,1201.6560920331103,1205.4281005859375,8200370
2023-09-07,1201.9537313347682,1207.06591796875,13652572
2023-09-08,1211.0365924741222,1215.1064453125,23109288
2023-09-11,1216.9924464989115,1228.20947265625,13271074
2023-09-12,1232.3785847782628,1210.4658203125,16255666
2023-09-13,1211.0365644667,1216.52099609375,12803338
2023-09-14,1220.9630582690309,1217.6376953125,9209636
2023-09-15,1224.9336610195687,1219.89599609375,25468592
2023-09-18,1211.061482045193,1209.274658203125,7516300
2023-09-20,1202.623922773179,1182.3240966796875,57081884
2023-09-21,1178.7504333612094,1173.7127685546875,12226182
2023-09-22,1179.2716708437545,1168.823974609375,19176786
2023-09-25,1166.5657437194718,1161.6273193359375,14254884
2023-09-26,1160.684310036077,1162.644775390625,10087782
2023-09-27,1163.1411580463555,1175.747802734375,11722778
2023-09-28,1182.7460248832851,1158.4757080078125,14518346
2023-09-29,1162.2973995824232,1163.8856201171875,12342014
2023-10-03,1156.4158809171215,1150.5592041015625,8859056
2023-10-04,1146.0178196869251,1148.5738525390625,10286386
2023-10-05,1151.1052273242312,1148.5491943359375,10953682
2023-10-06,1150.0132553057874,1150.4847412109375,5431026
2023-10-09,1145.5711149238573,1140.6822509765625,7576878
2023-10-10,1144.8018394410437,1145.719970703125,10236032
2023-10-11,1148.7227620999727,1163.910400390625,9814118
2023-10-12,1163.3148210249558,1166.0693359375,12554450
2023-10-13,1161.4039150831682,1166.019775390625,10150316
2023-10-16,1163.885548402189,1163.4140625,5929036
2023-10-17,1169.3451452373686,1168.972900390625,7928180
2023-10-18,1168.9729714451066,1153.4627685546875,8918320
2023-10-19,1147.5068298823098,1144.603271484375,12032556
2023-10-20,1141.5508934053469,1141.104248046875,8913312
2023-10-23,1136.5875839948083,1123.2860107421875,7853962
2023-10-25,1116.7594889591046,1120.680419921875,11620688
2023-10-26,1117.2307983645155,1105.07080078125,15222534
2023-10-27,1111.7712909465938,1124.5765380859375,11771084
2023-10-30,1128.6464350717906,1147.7550048828125,16813304
2023-10-31,1155.4480281047179,1135.5452880859375,12808438
2023-11-01,1136.1656826268284,1140.2603759765625,10309190
2023-11-02,1148.4746196953226,1151.57666015625,10562104
2023-11-03,1155.0509397455937,1151.3284912109375,8850156
2023-11-06,1157.5822297180116,1160.9075927734375,10647304
2023-11-07,1158.4507493206686,1153.3634033203125,6960204
2023-11-08,1157.4333936812945,1159.3690185546875,7884494
2023-11-09,1159.344192861405,1146.787109375,14513610
2023-11-10,1144.3055869187945,1148.9461669921875,7734954
2023-11-13,1152.9167762849927,1148.79736328125,3854810
2023-11-15,1161.4039352802765,1169.5684814453125,12220648
2023-11-16,1166.9131951067154,1171.6778564453125,13134910
2023-11-17,1167.8064883385834,1169.121826171875,7758634
2023-11-20,1165.6474702823514,1166.0445556640625,4490186
2023-11-21,1174.3083747965666,1180.7109375,8214450
2023-11-22,1178.7752974396924,1185.3267822265625,8534814
2023-11-23,1185.3268657327444,1188.9500732421875,8531542
2023-11-24,1187.0144298509326,1188.1558837890625,6749486
2023-11-28,1188.1558894990753,1188.404052734375,13792174
2023-11-29,1195.1540911072586,1191.5308837890625,12531306
2023-11-30,1188.5529645510346,1179.9913330078125,28439984
2023-12-01,1180.2643464861462,1188.3544921875,14342842
2023-12-04,1215.9999042684663,1201.2093505859375,15590990
2023-12-05,1210.5403299982054,1209.919921875,12693624
2023-12-06,1214.560584514323,1221.5091552734375,16422442
2023-12-07,1220.9630401277734,1219.4989013671875,8142096
2023-12-08,1222.8739302715144,1218.8536376953125,10204894
2023-12-11,1218.9777608532804,1220.6405029296875,7066138
2023-12-12,1220.9630282642331,1203.1201171875,9197124
2023-12-13,1202.102614795848,1208.03369140625,10031182
2023-12-14,1217.9851619285064,1223.0228271484375,16972354
2023-12-15,1229.8969303201395,1238.63232421875,15932152
2023-12-18,1238.6323699765335,1251.239013671875,14165188
2023-12-19,1268.1140495332209,1269.6527099609375,16820604
2023-12-20,1276.080186427869,1254.2913818359375,17736722
2023-12-21,1254.2170195322976,1271.8614501953125,13765454
2023-12-22,1270.3973397701047,1273.102294921875,16541784
2023-12-26,1274.5663382448713,1279.554443359375,7465664
2023-12-27,1281.5150092423955,1283.9222412109375,9204156
2023-12-28,1285.38634910855,1293.2034912109375,12302636
2023-12-29,1295.958012986606,1282.97900390625,10864584
2024-01-01,1280.7952766903763,1285.609619140625,4030540
2024-01-02,1283.0039664322292,1296.255859375,7448800
2024-01-03,1295.412048372221,1282.16015625,9037536
2024-01-04,1284.4928354763001,1288.7860107421875,9612778
2024-01-05,1291.8881165287519,1294.2705078125,8086406
2024-01-08,1295.4120337021336,1284.1702880859375,7734652
2024-01-09,1290.448874370277,1280.7705078125,5403074
2024-01-10,1279.0333061103788,1315.3148193359375,11102740
2024-01-11,1319.7321386109766,1349.9088134765625,23725852
2024-01-12,1349.9087552154863,1360.6541748046875,15012164
2024-01-15,1364.897836134336,1383.88232421875,8610594
2024-01-16,1379.7627106993223,1364.5255126953125,9069024
2024-01-17,1349.511582817391,1351.5712890625,12197382
2024-01-18,1341.4712027363942,1357.8995361328125,10279438
2024-01-19,1365.890429247957,1357.4031982421875,10422704
2024-01-23,1361.6716823004633,1318.8138427734375,20055420
2024-01-24,1325.4149927095905,1334.00146484375,21919128
2024-01-25,1333.0831783387705,1343.1337890625,11808872
2024-01-29,1354.474931519067,1437.4111328125,23893438
2024-01-30,1449.2235971647833,1397.2830810546875,14093978
2024-01-31,1393.6847810610707,1416.1435546875,15130226
2024-02-01,1424.4569627393994,1416.1683349609375,13349362
2024-02-02,1422.6453963923934,1446.9901123046875,19652588
2024-02-05,1450.0177530325548,1428.452392578125,8814432
2024-02-06,1431.2565145548228,1417.309814453125,9047984
2024-02-07,1425.3752031215413,1431.554443359375,9296568
2024-02-08,1439.3467435794867,1439.4708251953125,14694634
2024-02-09,1443.31729322881,1450.0177001953125,12556798
2024-02-12,1450.017752117624,1441.679443359375,6674430
2024-02-13,1444.8063713272154,1454.3358154296875,7715594
2024-02-14,1446.7916226083244,1470.4912109375,7117888
2024-02-15,1472.4516121931645,1459.7952880859375,10006782
2024-02-16,1465.6271998466532,1449.843994140625,9767498
2024-02-19,1451.3082561823699,1463.17041015625,6729828
2024-02-20,1464.1880192365334,1460.2174072265625,7117496
2024-02-21,1463.170510366537,1456.916748046875,12720292
2024-02-22,1457.3633484018678,1470.8634033203125,18493728
2024-02-23,1478.556551746289,1482.6512451171875,14438584
2024-02-26,1482.5768223248915,1476.3974609375,7513106
2024-02-27,1472.1291493159843,1474.73486328125,10826044
2024-02-28,1472.1042938560004,1444.930419921875,8647950
2024-02-29,1454.2365988812116,1450.0675048828125,23628976
2024-03-01,1452.7475417409498,1481.1622314453125,12132926
2024-03-04,1479.5243736818861,1496.3250732421875,10024420
2024-03-05,1494.7119691573153,1489.1778564453125,7107668
2024-03-06,1482.4775132325713,1491.9573974609375,7805676
2024-03-07,1491.9325571368477,1468.059326171875,8315726
2024-03-11,1478.060156044582,1455.82470703125,11277130
2024-03-12,1455.8248476863198,1464.5850830078125,9432678
2024-03-13,1468.9029635812572,1421.6527099609375,13522134
2024-03-14,1429.1224321842872,1420.9578857421875,18571102
2024-03-15,1415.4733954219128,1407.80517578125,19223818
2024-03-18,1409.5671563330236,1428.8990478515625,9169392
2024-03-19,1418.252849649116,1414.778564453125,8275764
2024-03-20,1417.458614341769,1433.142578125,8488806
2024-03-21,1441.8532357214951,1440.3145751953125,13006936
2024-03-22,1439.321893152815,1444.3348388671875,19527608
2024-03-26,1434.3835274360674,1430.983642578125,11415906
2024-03-27,1437.3614966588377,1481.8819580078125,16326644
2024-03-28,1481.90676076149,1474.933349609375,21854364
2024-04-01,1481.509712382751,1473.8663330078125,5013880
2024-04-02,1473.0968689675985,1476.025146484375,8910166
2024-04-03,1471.186101560143,1460.7880859375,7008292
2024-04-04,1468.878217464342,1452.1768798828125,14490272
2024-04-05,1450.1417667351745,1449.3724365234375,7442298
2024-04-08,1452.226356281804,1475.057373046875,8357118
2024-04-09,1478.060211901015,1452.896484375,7071414
2024-04-10,1455.5766564963697,1468.7044677734375,9138330
2024-04-12,1465.031599863232,1456.3707275390625,15551012
2024-04-15,1450.2658952456557,1454.062744140625,12902062
2024-04-16,1442.6721581376476,1454.9810791015625,9366184
2024-04-18,1452.7475160786112,1453.56640625,19005692
2024-04-19,1446.0720814485837,1459.323974609375,15741778
2024-04-22,1461.6317610616636,1468.9774169921875,10350362
2024-04-23,1468.1337674689391,1448.603271484375,14605554
2024-04-24,1452.7475596039474,1439.5205078125,10462776
2024-04-25,1431.9018276580116,1449.2484130859375,15943926
2024-04-26,1453.1943211694756,1441.878173828125,9413848
2024-04-29,1439.3467183436048,1454.2613525390625,7247974
2024-04-30,1457.2144546560796,1456.2218017578125,11474262
2024-05-02,1461.185178797564,1455.7752685546875,14512646
2024-05-03,1460.1925152681529,1423.46435546875,17226958
2024-05-06,1424.9533097670264,1409.095703125,7394208
2024-05-07,1405.571689953147,1391.17822265625,14517472
2024-05-08,1387.2325360419566,1408.1279296875,9439002
2024-05-09,1402.6186490602306,1383.88232421875,11009612
2024-05-10,1386.4879762578594,1397.0845947265625,10505096
2024-05-13,1389.6149314683873,1392.394287109375,8456620
2024-05-14,1390.6818338615062,1409.6414794921875,7188300
2024-05-15,1410.063563528233,1405.86962890625,5046534
2024-05-16,1408.1278405018506,1414.8778076171875,14711774
2024-05-17,1412.5948920294334,1425.15185546875,10916476
2024-05-21,1415.1260338425998,1425.57373046875,11176128
2024-05-22,1425.7226630539947,1449.9185791015625,10281604
2024-05-23,1447.8340020088174,1475.1319580078125,14608260
2024-05-24,1472.724715385057,1469.37451171875,7094776
2024-05-27,1469.3497180106694,1455.4774169921875,6629010
2024-05-28,1457.2144512745626,1445.5010986328125,7820162
2024-05-29,1435.8724890871501,1430.1895751953125,7383556
2024-05-30,1424.9532474164846,1414.3814697265625,13206858
2024-05-31,1420.7841589242364,1419.8907470703125,31069832
2024-06-03,1472.1043222829317,1499.228515625,21527942
2024-06-04,1487.0437791255476,1387.0091552734375,36709098
2024-06-05,1411.5524616660985,1410.3116455078125,17464890
2024-06-06,1424.4569533735907,1421.0819091796875,17855722
2024-06-07,1418.004611799037,1459.1500244140625,18558696
2024-06-10,1459.150058153404,1460.5894775390625,9251760
2024-06-11,1458.20717740815,1445.9727783203125,11774902
2024-06-12,1446.7916974833406,1452.5738525390625,10081742
2024-06-13,1461.1851486521073,1454.4847412109375,9181160
2024-06-14,1459.199879544848,1466.6944580078125,8157998
2024-06-18,1476.4224025999808,1470.1439208984375,7196766
2024-06-19,1476.571240472528,1447.9332275390625,8725874
2024-06-20,1448.280730003189,1462.8726806640625,16113776
2024-06-21,1462.7982011333013,1443.515869140625,31170360
2024-06-24,1434.9045699529108,1430.88427734375,8878386
2024-06-25,1432.3982039886682,1443.46630859375,7045386
2024-06-26,1435.425808927042,1502.9013671875,22014882
2024-06-27,1502.6283145931025,1519.304931640625,28383030
2024-06-28,1519.7764812043604,1553.89892578125,28957336
2024-07-01,1551.0450507194453,1548.6875,7724306
2024-07-02,1557.968834801107,1553.6756591796875,7749246
2024-07-03,1554.8170660210362,1541.019287109375,9049620
2024-07-04,1545.5606622734106,1542.6075439453125,6837176
2024-07-05,1542.4088769403465,1576.9532470703125,12269710
2024-07-08,1577.3255888697254,1589.13818359375,9500806
2024-07-09,1585.8623208770043,1578.5911865234375,6960002
2024-07-10,1583.2814308954767,1572.5855712890625,7134578
2024-07-11,1575.8365135146928,1569.036865234375,11940946
2024-07-12,1572.8586162043875,1584.9937744140625,12924784
2024-07-15,1592.6620057625546,1585.4901123046875,5329688
2024-07-16,1581.792452589091,1564.669189453125,9386838
2024-07-18,1564.4210812674708,1575.0177001953125,12298374
2024-07-19,1574.3475621142547,1543.7242431640625,13140390
2024-07-22,1525.9557698439748,1489.6495361328125,19674376
2024-07-23,1489.9719903646578,1476.96826171875,18052044
2024-07-24,1474.0895996286229,1484.7109375,11913362
2024-07-25,1470.1189136102262,1481.4351806640625,12519876
2024-07-26,1481.4352554076795,1497.9381103515625,9859940
2024-07-29,1500.8416167163412,1508.9317626953125,7538550
2024-07-30,1505.8792447159437,1502.03271484375,8228208
2024-07-31,1492.9499231376883,1494.364501953125,10057346
2024-08-01,1500.8913109431162,1504.1671142578125,10764222
2024-08-02,1493.9425575637474,1488.3092041015625,10268248
2024-08-05,1469.1262655731218,1436.6912841796875,17046704
2024-08-06,1444.4590050773538,1445.3524169921875,10236186
2024-08-07,1458.2071184913539,1454.062744140625,8174568
2024-08-08,1446.816580877676,1438.478271484375,12387192
2024-08-09,1449.2732763644294,1463.46826171875,6249776
2024-08-12,1459.199797918004,1449.8936767578125,8184584
2024-08-13,1450.0178268110735,1452.8717041015625,6265064
2024-08-14,1452.7973239887267,1451.1097412109375,6267466
2024-08-16,1457.8598362701878,1467.339599609375,9416902
2024-08-19,1476.6025720306277,1482.4791259765625,13797742
2024-08-20,1491.268975771349,1489.9990234375,8411808
2024-08-21,1487.30978907883,1492.7132568359375,7769996
2024-08-22,1497.0210123494212,1492.1654052734375,10445782
2024-08-23,1497.768063961028,1494.008056640625,9249654
2024-08-26,1500.9802618699923,1506.5828857421875,8816114
2024-08-27,1504.4912711730515,1494.481201171875,6251156
2024-08-28,1499.0131426615155,1492.33984375,9610286
2024-08-29,1497.1205913811584,1514.874755859375,38335358
2024-08-30,1527.89778785993,1503.6197509765625,41620730
2024-09-02,1504.8647654458696,1510.2183837890625,11240852
2024-09-03,1515.1984708784905,1503.1217041015625,10923800
2024-09-04,1494.7301447200666,1508.525146484375,11983304
2024-09-05,1513.0072347057646,1487.035888671875,16264168
2024-09-06,1486.5627588054047,1458.997802734375,19394228
2024-09-09,1460.666261949736,1456.63232421875,9010298
2024-09-10,1454.6901127162012,1455.7110595703125,10768260
2024-09-11,1457.2300550346945,1445.7259521484375,9760202
2024-09-12,1451.2039809867947,1473.913330078125,22349376
2024-09-13,1470.5268529366479,1466.766845703125,8711328
2024-09-16,1471.6723576050656,1465.4969482421875,5481774
2024-09-17,1468.1364260685732,1466.4432373046875,5935328
2024-09-18,1464.1522884024148,1457.6282958984375,8574714
2024-09-19,1460.4171894563083,1463.82861328125,16955902
2024-09-20,1468.136427109257,1480.0140380859375,30897320
2024-09-23,1485.0687739665293,1487.434326171875,8832314
2024-09-24,1482.5786761041754,1483.4501953125,17137444
2024-09-25,1477.9970102640052,1488.0069580078125,7069002
2024-09-26,1484.7202013028073,1491.9910888671875,18818998
2024-09-27,1493.0369361114394,1520.1038818359375,20597478
2024-09-30,1513.3558880158446,1470.701171875,27008814
2024-10-01,1474.7599230273088,1458.997802734375,16431642
2024-10-03,1430.8602791168494,1401.3780517578125,37757294
2024-10-04,1398.34020617394,1381.0093994140625,37072876
2024-10-07,1387.9566419173104,1365.272216796875,22181340
2024-10-08,1367.513224520688,1391.791259765625,17020808
2024-10-09,1391.9656892391695,1369.1318359375,14310610
2024-10-10,1374.5352199766685,1365.595947265625,22358646
2024-10-11,1364.5501018082973,1366.6417236328125,7980122
2024-10-14,1373.962442591221,1367.0650634765625,12221432
2024-10-15,1353.1207855156183,1338.678466796875,33762794
2024-10-16,1334.6695151768993,1348.6884765625,20034438
2024-10-17,1360.2671814831224,1351.0291748046875,15543660
2024-10-18,1346.796043723323,1353.8927001953125,12082452
2024-10-21,1361.686598848784,1363.7532958984375,14067408
2024-10-22,1363.7532474009167,1338.006103515625,15831960
2024-10-23,1332.1793705575924,1333.2003173828125,17214742
2024-10-24,1329.9633130042932,1334.4703369140625,22155934
2024-10-25,1338.1555171764887,1322.5677490234375,18597496
2024-10-28,1331.6813526124565,1329.0418701171875,10824350
2024-10-29,1322.8167478889227,1334.66943359375,12008361
2024-10-30,1329.6893351932274,1338.553955078125,11984423
2024-10-31,1334.6694245700712,1326.7510986328125,9331650
2024-11-01,1327.7471304089104,1333.3248291015625,2127335
2024-11-04,1332.5280301195805,1296.9700927734375,19796890
2024-11-05,1287.8564249120313,1300.1075439453125,16267479
2024-11-06,1304.7888451117578,1320.0777587890625,21625209
2024-11-07,1318.7331565363688,1300.4561767578125,9611974
2024-11-08,1292.4879180085577,1278.6431884765625,19814406
2024-11-11,1273.8622221377802,1267.6370849609375,9056552
2024-11-12,1270.4759075040322,1269.1810302734375,10671091
2024-11-13,1265.196886863478,1247.0693359375,14633633
2024-11-14,1248.613186761178,1262.5574951171875,12612633
2024-11-18,1262.55746761959,1255.7347412109375,13620611
2024-11-19,1255.734688515481,1236.710693359375,14183746
2024-11-21,1236.7107220331202,1218.1348876953125,19433843
2024-11-22,1224.509420421979,1260.3662109375,20471957
2024-11-25,1284.868314871977,1281.8802490234375,28923341
2024-11-26,1289.7986377983043,1290.545654296875,9247557
2024-11-27,1288.3543972122054,1288.0555419921875,9572746
2024-11-28,1284.818474176107,1265.7447509765625,15027412
2024-11-29,1274.9081506356404,1287.0595703125,13202307
2024-12-02,1282.876370557777,1303.9422607421875,11024152
2024-12-03,1311.7609017834461,1318.035888671875,16869482
2024-12-04,1320.7251432865569,1303.742919921875,19608540
2024-12-05,1309.1214514378748,1316.7908935546875,16858723
2024-12-06,1318.6334884089777,1306.3326416015625,9037514
2024-12-09,1297.8166732313093,1289.9979248046875,14650002
2024-12-10,1284.121290398709,1279.73876953125,16043729
2024-12-11,1279.8882324099652,1273.115234375,11724373
2024-12-12,1264.9479526569407,1257.876220703125,20906813
2024-12-13,1254.9877622795104,1267.78662109375,28630222
2024-12-16,1269.9280595585296,1263.2547607421875,9486781
2024-12-17,1256.033537225462,1240.34619140625,17462791
2024-12-18,1235.714673937889,1248.2645263671875,12670179
2024-12-19,1234.0712121990753,1225.55517578125,14244653
2024-12-20,1219.1309339507777,1200.50537109375,20312896
2024-12-23,1210.1667348774333,1217.437744140625,10052824
2024-12-24,1217.4377030050357,1217.8858642578125,6734917
2024-12-26,1219.3798917928577,1211.7105712890625,10016178
2024-12-27,1213.4536884394554,1216.1927490234375,7000397
2024-12-30,1211.5611874241417,1205.8837890625,8818766
2024-12-31,1203.1945530395503,1210.6148681640625,6405475
2025-01-01,1210.0172807004092,1216.391845703125,5892590
2025-01-02,1216.3918076943417,1236.860107421875,15486276
2025-01-03,1238.9518139936486,1246.1729736328125,15521102
2025-01-06,1248.961727102304,1213.15478515625,14816766
2025-01-07,1217.1388288273843,1235.913818359375,10070505
2025-01-08,1244.0314575822304,1260.4658203125,19346579
2025-01-09,1261.9598138402198,1249.758544921875,12794704
2025-01-10,1248.8621307808614,1236.959716796875,8120332
2025-01-13,1225.1070543419412,1234.9178466796875,13764861
2025-01-14,1239.1509590647415,1233.822265625,13095266
2025-01-15,1239.9974688456068,1247.2186279296875,9578856
2025-01-16,1253.8920943102864,1261.4119873046875,14117603
2025-01-17,1316.9900509904955,1297.169189453125,29366277
2025-01-20,1310.764916385877,1300.2568359375,14040244
2025-01-21,1305.2868371165837,1268.6331787109375,14562976
2025-01-22,1273.2149526536994,1272.0196533203125,10273590
2025-01-23,1264.9478840486133,1258.6231689453125,8720682
2025-01-24,1260.9638702056575,1241.34228515625,14235970
2025-01-27,1234.1708090151494,1224.4595947265625,9536019
2025-01-28,1233.0752790316255,1229.4896240234375,10568025
2025-01-29,1231.0832160878692,1230.585205078125,5928156
2025-01-30,1230.635044492625,1248.0654296875,9269259
2025-01-31,1250.8541794958078,1260.0673828125,6584612
2025-02-01,1260.0673469134033,1259.5693359375,7118453
2025-02-03,1246.0235355947286,1240.94384765625,9252345
2025-02-04,1243.0852829885687,1280.08740234375,16691069
2025-02-05,1277.5476050956522,1273.115234375,10112028
2025-02-06,1268.6331564996678,1276.4520263671875,9956001
2025-02-07,1271.073491533156,1261.6610107421875,8764283
2025-02-10,1259.469777897567,1248.6629638671875,6970972
2025-02-11,1259.5196705337273,1229.937744140625,8859714
2025-02-12,1214.5989377224967,1211.7105712890625,21131654
2025-02-13,1212.2086229517822,1211.2623291015625,8511216
2025-02-14,1214.1507532507958,1212.40771484375,10298145
2025-02-17,1206.2821918357026,1220.02734375,8166683
2025-02-18,1219.9775298877432,1220.525390625,6673250
2025-02-19,1214.6488125132394,1222.567138671875,6217338
2025-02-20,1219.0810452834291,1228.0950927734375,7795582
2025-02-21,1223.8121434284387,1223.264404296875,6904025
2025-02-24,1211.7105497558396,1209.718505859375,7172498
2025-02-25,1206.1826029932777,1199.21044921875,11552182
2025-02-27,1207.975493883109,1202.298095703125,11509215
2025-02-28,1197.218393771922,1195.325927734375,23007298
2025-03-03,1199.2104168056296,1166.5906982421875,17944938
2025-03-04,1157.576687742468,1157.2779541015625,11377373
2025-03-05,1156.3815647449799,1170.9234619140625,8664095
2025-03-06,1192.2383549047067,1204.7882080078125,14468014
2025-03-07,1211.1627762331514,1244.828369140625,16474965
2025-03-10,1240.0473535020744,1233.4736328125,11931051
2025-03-11,1235.0672477916657,1242.3382568359375,10089838
2025-03-12,1252.995610693361,1252.0494384765625,11977555
2025-03-13,1255.0376050433522,1242.9359130859375,9505270
2025-03-17,1237.208673957254,1233.9217529296875,16640917
2025-03-18,1233.9217529296875,1233.9217529296875,0
2025-03-19,1236.113132982547,1242.1888427734375,16162399
2025-03-20,1246.8700894970418,1264.101318359375,15971477
2025-03-21,1269.927977701306,1271.2725830078125,21780769
2025-03-24,1285.86434660882,1296.920166015625,20299319
2025-03-25,1302.497915186312,1280.33642578125,13713899
2025-03-26,1285.8643858858131,1267.98583984375,12074747
2025-03-27,1273.0655062272906,1273.115234375,15028056
2025-03-28,1274.9081198538831,1270.027587890625,18147129
2025-04-01,1259.5693287834792,1247.6170654296875,12099648
2025-04-02,1242.5873186806543,1246.1729736328125,10142590
2025-04-03,1228.145018441354,1243.732666015625,7434366
2025-04-04,1236.1628160172713,1199.9075927734375,17908652
2025-04-07,1127.6960086529814,1161.062744140625,22156106
2025-04-08,1167.3378163352843,1177.4971923828125,19555040
2025-04-09,1164.8477193030515,1180.6346435546875,10223104
2025-04-11,1190.3957018139643,1214.1009521484375,11224242
2025-04-15,1246.0235343416643,1235.1668701171875,13378535
2025-04-16,1229.1907298200806,1234.3701171875,8248464
2025-04-17,1235.266450081142,1269.4300537109375,15398401
2025-04-21,1264.947875835223,1290.346435546875,10429964
2025-04-22,1294.8286411452223,1286.0635986328125,13051707
2025-04-23,1291.840547250601,1294.82861328125,10480888
2025-04-24,1287.2588872304611,1296.4222412109375,10468940
2025-04-25,1298.3146947064158,1295.22705078125,14431012
2025-04-28,1334.669497851195,1363.35498046875,31104496
2025-04-29,1365.5461749701867,1394.1319580078125,32538970
2025-04-30,1396.4228227174156,1399.410888671875,25480745
2025-05-02,1408.3751233126775,1414.152099609375,13007841
2025-05-05,1425.3074680112338,1425.6063232421875,12685649
2025-05-06,1425.3074785225756,1415.2476806640625,14084117
2025-05-07,1415.2476117092147,1400.4068603515625,13440169
2025-05-08,1398.51446598441,1401.4029541015625,16106175
2025-05-09,1379.9884666950659,1371.721435546875,13668904
2025-05-12,1394.430721507353,1430.7855224609375,10674081
2025-05-13,1427.7974767909468,1410.0682373046875,11407896
2025-05-14,1414.3512435205853,1418.7337646484375,5570160
2025-05-15,1419.3313670179805,1448.4151611328125,20177211
2025-05-16,1447.4191020051853,1450.6064453125,9036695
2025-05-19,1446.3234565863577,1435.0684814453125,6195791
2025-05-20,1432.4787356808251,1418.932861328125,11270560
2025-05-21,1418.235682967954,1423.5145263671875,6136364
2025-05-22,1415.5464438973825,1403.79345703125,12134466
2025-05-23,1401.0045498118507,1421.124267578125,6474883
2025-05-26,1426.3034970063507,1429.0924072265625,4842944
2025-05-27,1420.4269591196573,1416.44287109375,12640414
2025-05-28,1414.4508509493858,1407.279541015625,5944611
2025-05-29,1406.4826358531975,1412.1600341796875,13771917
2025-05-30,1412.3591925541664,1415.2476806640625,13788484
2025-06-02,1406.4826830156508,1408.0762939453125,8098668
2025-06-03,1416.6421539546416,1399.908935546875,11252626
2025-06-04,1409.0722382665938,1417.8372802734375,8126827
2025-06-05,1422.3193687346825,1436.662109375,13716817
2025-06-06,1435.2676355449807,1437.7576904296875,8182161
2025-06-09,1451.204075048637,1443.0367431640625,7885125
2025-06-10,1444.2318404180787,1432.777587890625,7913181
2025-06-11,1440.0485867347081,1443.13623046875,8195700
2025-06-12,1447.7179200254843,1435.865234375,8828114
2025-06-13,1418.335338487147,1422.2198486328125,9757276
2025-06-16,1421.223780491138,1432.0804443359375,8458093
2025-06-17,1442.2398094911548,1425.506591796875,10366599
2025-06-18,1424.3114328610282,1424.4110107421875,6681735
2025-06-19,1424.4110453044384,1427.598388671875,10007230
2025-06-20,1425.3075053013417,1460.367431640625,29010635
2025-06-23,1447.2199506188397,1451.0048828125,5989078
2025-06-24,1459.1721495093714,1445.0286865234375,16402744
2025-06-25,1458.1762135192969,1461.463134765625,7525851
2025-06-26,1463.2558362824063,1489.3516845703125,14657893
2025-06-27,1493.4353527246628,1509.3717041015625,11117052
2025-06-30,1507.7781788170053,1494.630615234375,8409527
2025-07-01,1494.630607775488,1522.320068359375,10368523
2025-07-02,1522.3200879079554,1512.75830078125,6361002
2025-07-03,1514.7502729656235,1511.76220703125,11283291
2025-07-04,1517.9375659885409,1521.2244873046875,6603501
2025-07-07,1520.5271677380254,1535.367919921875,7251074
2025-07-08,1529.8897875590692,1531.4833984375,7171261
2025-07-09,1530.586937987722,1512.9573974609375,8870660
2025-07-10,1513.654605815878,1511.16455078125,10047129
2025-07-11,1505.9852937598653,1489.2520751953125,7234991
2025-07-14,1486.263916129696,1477.7977294921875,10311846
2025-07-15,1480.2878335086834,1479.4910888671875,8132454
2025-07-16,1467.1403332858122,1479.690185546875,10409983
2025-07-17,1481.4830970988435,1470.52685546875,11854613
2025-07-18,1478.8934598804974,1470.12841796875,10296318
2025-07-21,1459.1722169809668,1422.9169921875,22442744
2025-07-22,1421.721828538219,1407.179931640625,20396320
2025-07-23,1420.3273163904719,1418.932861328125,8354596
2025-07-24,1413.554298653669,1397.3192138671875,14740507
2025-07-25,1393.3351272649268,1386.1636962890625,11854722
2025-07-28,1386.7614543919697,1382.080078125,7748361
2025-07-29,1377.4984422704579,1411.4627685546875,10750072
2025-07-30,1412.458776601272,1404.4906005859375,7209849
2025-07-31,1382.5780559389787,1384.669677734375,17065827
2025-08-01,1381.3828853186424,1388.15576171875,10321171
2025-08-04,1389.5502251510159,1405.885009765625,6312820
2025-08-05,1405.38696851784,1386.1636962890625,9315972
2025-08-06,1386.3630773472378,1387.259521484375,5834312
2025-08-07,1382.1796145349972,1383.8729248046875,9976705
2025-08-08,1379.4904158119157,1362.35888671875,8793606
2025-08-11,1364.5501609316866,1380.6856689453125,9997486
2025-08-12,1376.4028464986861,1374.9088134765625,12244664
2025-08-13,1382.4785186353236,1377.0999755859375,7457021
2025-08-14,1377.300048828125,1373.800048828125,7126128
2025-08-18,1390.0,1381.699951171875,11785109
2025-08-19,1390.0,1420.0999755859375,14384719
2025-08-20,1413.0,1413.0,8725641
2025-08-21,1425.0,1424.800048828125,11021323
2025-08-22,1420.0,1409.199951171875,5818868
2025-08-25,1414.699951171875,1412.5999755859375,5979407
2025-08-26,1408.0,1384.9000244140625,12145259
2025-08-28,1389.9000244140625,1385.9000244140625,13161813
2025-08-29,1381.0999755859375,1357.199951171875,18758842
2025-09-01,1356.0,1353.9000244140625,11232238
2025-09-02,1354.800048828125,1366.5,11517006
2025-09-03,1369.699951171875,1372.5999755859375,7847563
2025-09-04,1371.800048828125,1359.300048828125,13223177
2025-09-05,1363.0,1375.0,5777575
2025-09-08,1380.0,1378.5,6986720
2025-09-09,1376.5999755859375,1376.199951171875,9754452
2025-09-10,1383.9000244140625,1377.0,7790815
2025-09-11,1376.0,1383.300048828125,9766072
2025-09-12,1383.300048828125,1395.0,7403368
2025-09-15,1393.0,1399.300048828125,5396697
2025-09-16,1404.699951171875,1405.300048828125,8686961
2025-09-17,1407.0,1413.800048828125,7519417
2025-09-18,1420.4000244140625,1415.0,9332642
2025-09-19,1414.9000244140625,1407.4000244140625,13461373
2025-09-22,1403.9000244140625,1390.5999755859375,7757970
2025-09-23,1391.0,1389.800048828125,14014702
2025-09-24,1385.300048828125,1383.0,5922759
2025-09-25,1381.300048828125,1372.4000244140625,11411143
2025-09-26,1372.0,1377.5999755859375,9879109
2025-09-29,1381.5999755859375,1372.800048828125,14231999
2025-09-30,1377.0999755859375,1364.0,14604684
2025-10-01,1367.0,1368.699951171875,12045916
2025-10-03,1363.199951171875,1363.4000244140625,12842347
2025-10-06,1360.0,1375.0,12396580
2025-10-07,1376.0,1384.800048828125,11244040
2025-10-08,1384.800048828125,1367.4000244140625,8525081
2025-10-09,1374.0,1377.800048828125,8826633
2025-10-10,1377.800048828125,1381.699951171875,6373084
2025-10-13,1376.9000244140625,1375.0,7600682
2025-10-14,1380.0,1375.9000244140625,9768174
2025-10-15,1383.0,1374.300048828125,10882743
2025-10-16,1375.0999755859375,1398.300048828125,12315932
2025-10-17,1401.0,1416.800048828125,19335561
2025-10-20,1440.0,1466.800048828125,24721978
2025-10-21,1468.0,1465.199951171875,2066169
2025-10-23,1475.0,1448.4000244140625,18707090
2025-10-24,1450.0,1451.5999755859375,9700837
2025-10-27,1463.0,1484.0999755859375,14113867
2025-10-28,1484.0999755859375,1486.9000244140625,17631577
2025-10-29,1490.0,1504.199951171875,11884745
2025-10-30,1500.0,1488.5,9318663
2025-10-31,1490.4000244140625,1486.4000244140625,8758053
2025-11-03,1486.0,1484.699951171875,8452085
2025-11-04,1483.9000244140625,1473.0999755859375,10007806
2025-11-06,1484.0,1496.0999755859375,16772678
2025-11-07,1494.5999755859375,1478.0,7821765
2025-11-10,1477.9000244140625,1489.300048828125,7068438
2025-11-11,1497.0,1493.4000244140625,7127506
2025-11-12,1505.0,1511.5,12384459
2025-11-13,1515.0,1510.9000244140625,7196443
2025-11-14,1505.5,1518.9000244140625,7682823
2025-11-17,1520.9000244140625,1518.300048828125,5871416
2025-11-18,1521.699951171875,1519.4000244140625,11045042
2025-11-19,1517.4000244140625,1518.9000244140625,5692366
2025-11-20,1530.0,1549.0999755859375,18171724
2025-11-21,1541.0,1546.5999755859375,9615271
2025-11-24,1550.0,1535.9000244140625,18433951
2025-11-25,1535.9000244140625,1539.699951171875,15033482
2025-11-26,1542.300048828125,1569.9000244140625,14054299
2025-11-27,1575.0,1563.4000244140625,9794643
2025-11-28,1568.0,1567.5,8959508
2025-12-01,1575.0,1566.0999755859375,8920233
2025-12-02,1561.0999755859375,1546.300048828125,11389150
2025-12-03,1545.199951171875,1538.800048828125,6090883
2025-12-04,1536.0,1535.5999755859375,11867930
2025-12-05,1530.4000244140625,1540.5999755859375,10183266
2025-12-08,1539.199951171875,1543.0,11301491
2025-12-09,1540.300048828125,1529.4000244140625,11503971
2025-12-10,1534.0,1536.9000244140625,7991629
2025-12-11,1536.9000244140625,1545.0,4706197
2025-12-12,1550.800048828125,1556.5,5106655
2025-12-15,1551.199951171875,1556.199951171875,5774543
2025-12-16,1545.0,1542.300048828125,11731856
2025-12-17,1550.0,1544.4000244140625,7116649
2025-12-18,1535.199951171875,1544.4000244140625,6580829
2025-12-19,1554.4000244140625,1565.0999755859375,13937275
2025-12-22,1573.5,1575.4000244140625,10184852
2025-12-23,1580.9000244140625,1570.699951171875,7506564
2025-12-24,1572.699951171875,1558.199951171875,8815745
2025-12-26,1554.699951171875,1559.199951171875,2311495
2025-12-29,1554.9000244140625,1545.5999755859375,5972105
2025-12-30,1547.0,1539.800048828125,8815884
