Date,Open,Close,Volume,Daily_Return,Normalized
2023-01-03,1170.9366586985077,1167.28466796875,7658932.0,-0.7317846942682227,99.26821530573177
2023-01-04,1167.26185070999,1149.7095947265625,9264891.0,-1.5056372900683068,97.77359603890339
2023-01-05,1151.969321148222,1147.6553955078125,13637099.0,-0.17867113818760272,97.59890284201373
2023-01-06,1153.4072395784428,1158.0863037109375,6349597.0,0.9088885255934764,98.48596807104992
2023-01-09,1161.9207528429104,1185.4302978515625,10722753.0,2.3611361306151935,100.81135584676164
2023-01-10,1189.6302560157692,1167.9010009765625,8047142.0,-1.4787286023285828,99.32062949346032
2023-01-11,1165.2077656913489,1153.1790771484375,11509553.0,-1.2605455270450983,98.06864774094747
2023-01-12,1152.5855061360771,1128.2769775390625,17688773.0,-2.1594304044218804,95.95092354442406
2023-01-13,1122.2513519945564,1126.451171875,20618583.0,-0.1618224691639858,95.79565339075883
2023-01-16,1128.7791493112115,1115.723388671875,13623855.0,-0.9523522608857027,94.8833413198617
2023-01-17,1122.0686670526488,1131.5638427734375,10751000.0,1.4197474268616395,96.2304451167708
2023-01-18,1129.144430635729,1129.692138671875,13448286.0,-0.16540861689031683,96.07127166847575
2023-01-19,1128.8705038207283,1128.4825439453125,11940054.0,-0.10707295245805382,95.96840532143631
2023-01-20,1129.8291140692525,1115.0615234375,14930286.0,-1.1892980161563704,94.82705498081157
2023-01-23,1117.960272105855,1109.4237060546875,10954118.0,-0.5056059476819086,94.34760375081699
2023-01-24,1113.851719292168,1102.873046875,16488755.0,-0.5904560308146678,93.79052263454116
2023-01-25,1101.2753294802071,1087.6259765625,12385018.0,-1.382486439006081,92.49388137804571
2023-01-27,1088.470529311336,1066.9923095703125,25830975.0,-1.8971289245408918,90.73915320099226
2023-01-30,1064.4132886312711,1077.218017578125,21772103.0,0.9583675454915452,91.60876779632443
2023-01-31,1087.3749062182635,1074.5245361328125,22691594.0,-0.25004051188896037,91.37970876439132
2023-02-01,1086.43914786492,1068.156494140625,19347800.0,-0.5926381183538054,90.83815777781284
2023-02-02,1058.1590377354637,1062.2447509765625,13662663.0,-0.5534529066191451,90.33541135327225
2023-02-03,1072.3105805967243,1063.1806640625,24699575.0,0.08810710385502851,90.41500326797114
2023-02-06,1056.7896118119152,1055.1690673828125,14837879.0,-0.7535498857808909,89.73368111411656
2023-02-07,1055.4202857843334,1052.6356201171875,15135435.0,-0.24009870493160168,89.51823170787411
2023-02-08,1055.8766387784026,1073.6572265625,21160332.0,1.9970449454268069,91.30595102943168
2023-02-09,1074.341987106508,1075.52880859375,13172763.0,0.17431839370580793,91.46511409662398
2023-02-10,1075.0039060071294,1066.6728515625,10790445.0,-0.8234049111923936,90.71198585512465
2023-02-13,1068.293381324993,1060.6014404296875,10352493.0,-0.5691914933354525,90.19566094820162
2023-02-14,1063.6143185684562,1085.5946044921875,14321920.0,2.3565085912361505,92.32112944736822
2023-02-15,1084.6358877756606,1110.1768798828125,33503591.0,2.2644065555321946,94.4116551547158
2023-02-16,1118.1656324865594,1109.3095703125,17264487.0,-0.0781235482407161,94.33789741975616
2023-02-17,1104.7217922905263,1113.9429931640625,11809520.0,0.41768528601597854,94.73193293641533
2023-02-20,1116.13425652598,1102.16552734375,8836937.0,-1.0572772478113612,93.7303537630667
2023-02-21,1106.547846833629,1111.158447265625,13311592.0,0.815931881261811,94.49512960183904
2023-02-22,1107.4380609994969,1085.9598388671875,11024335.0,-2.2677781427524635,92.35218970676291
2023-02-23,1085.5490279902117,1080.7557373046875,9851910.0,-0.4792167607163611,91.90962253479952
2023-02-24,1082.810002251087,1088.1510009765625,9434053.0,0.6842678152528814,92.53853050092557
2023-02-27,1087.3750050988056,1080.91552734375,11199715.0,-0.6649328655966902,91.9232113982847
2023-02-28,1075.5516247048563,1060.2362060546875,21994038.0,-1.913130190652368,90.16460068880693
2023-03-01,1070.0280642112666,1069.982421875,11551145.0,0.9192494808849982,90.99343831258082
2023-03-02,1066.8325430044115,1061.8338623046875,9333535.0,-0.7615601344210132,90.30046856145321
2023-03-03,1072.3789987479977,1088.927001953125,14643807.0,2.5515422525358655,92.60452317103656
2023-03-06,1095.5918675399987,1099.5633544921875,10171916.0,0.9767736974090058,93.50905979598227
2023-03-08,1099.5632986303583,1103.5120849609375,15782657.0,0.3591180492345192,93.84486770737914
2023-03-09,1102.8958764013148,1076.9896240234375,16235128.0,-2.4034590376451392,91.58934475310001
2023-03-10,1068.8868957671646,1060.3046875,13334091.0,-1.5492198022396542,90.17042448744344
2023-03-13,1063.1805534779228,1042.866455078125,12771592.0,-1.6446435281721739,88.68744243678532
2023-03-14,1040.812257084253,1038.9635009765625,16027522.0,-0.37425253085450194,88.35552743891552
2023-03-15,1042.6839083296516,1021.2056884765624,21728555.0,-1.709185402885549,86.84536766128703
2023-03-16,1023.9218900002588,1016.11572265625,18363159.0,-0.4984270923819145,86.41250682038451
2023-03-17,1024.7208434439497,1014.8377075195312,34014213.0,-0.12577456565457945,86.30382186525993
2023-03-20,1011.1400066065016,1004.8631591796876,19524589.0,-0.9828712774403559,85.455566388813
2023-03-21,1012.943003930346,1036.1102294921875,21400360.0,3.109584626229922,88.11287954349723
2023-03-22,1043.0948141638405,1039.26025390625,10920094.0,0.3040240627299351,88.3807638996737
2023-03-23,1035.3343603002547,1026.1131591796875,16249370.0,-1.265043541995059,87.26270875359498
2023-03-24,1024.9489888672188,1005.7989501953124,12375945.0,-1.9797240492086754,85.53514792240914
2023-03-27,1012.28122236079,1021.4338989257812,14054323.0,1.554480517943757,86.86477513285735
2023-03-28,1024.8349561252708,1026.2044677734375,12576424.0,0.4670462623840299,87.27047381844365
2023-03-29,1022.095796356596,1020.1329345703124,18804065.0,-0.5916494610765599,86.75413853041786
2023-03-31,1029.3999027039445,1064.116455078125,28171201.0,4.311547938243843,90.4945848015673
2023-04-03,1070.4846960590223,1064.299072265625,10293043.0,0.017161391183129204,90.51011493126464
2023-04-05,1071.8540232011114,1061.74267578125,16262928.0,-0.24019531267025496,90.29271387770729
2023-04-06,1058.2275373074351,1068.8638916015625,18435046.0,0.6707101431213225,90.89831626818457
2023-04-10,1072.7671126043012,1061.2861328125,12961408.0,-0.70895451222589,90.25388855346392
2023-04-11,1065.4630510078462,1066.5357666015625,10542367.0,0.4946482976415201,90.70032787674891
2023-04-12,1066.535787256919,1071.23779296875,18179087.0,0.44086907485252347,91.10019757314733
2023-04-13,1074.1365320735108,1075.27783203125,12378208.0,0.3771374655578308,91.44377054939287
2023-04-17,1106.9814803229494,1080.73291015625,17929479.0,0.5073180123777998,91.90768126858735
2023-04-18,1085.0923881243807,1068.36181640625,10405576.0,-1.1446948301233273,90.85561879261962
2023-04-19,1067.768405195298,1073.6800537109375,12273475.0,0.4977936522083004,91.30789229564384
2023-04-20,1074.638679040759,1070.9638671875,7007330.0,-0.2529791360144529,91.0769023786013
2023-04-21,1073.0637661728558,1072.310546875,7647317.0,0.12574464263079843,91.1914267040165
2023-04-24,1084.1794719407253,1076.4190673828125,12936186.0,0.3831465166304504,91.54082347889853
2023-04-25,1080.0709122812248,1084.65869140625,9236126.0,0.765466189991515,92.24153753266933
2023-04-26,1086.0054116702795,1078.2906494140625,8617834.0,-0.5871009970824459,91.69998654609086
2023-04-27,1084.1794457664448,1085.115234375,9167125.0,0.6329077382472015,92.28036285691269
2023-04-28,1087.374995527852,1104.9500732421875,15565210.0,1.827901612551952,93.967157097643
2023-05-02,1112.1170391794085,1114.3310546875,12981805.0,0.8489959566938987,94.76493446202218
2023-05-03,1116.1342091904096,1104.7674560546875,7061872.0,-0.858236750432706,93.95162696794564
2023-05-04,1105.2467632974383,1117.503662109375,8635233.0,1.1528404448272411,95.03473932220534
2023-05-05,1114.3083172243437,1114.650634765625,8746585.0,-0.25530362364671877,94.79211218899253
2023-05-08,1118.4167001177036,1128.4140625,9153782.0,1.2347750322027062,95.96258152279981
2023-05-09,1129.8290394334551,1131.9061279296875,6464721.0,0.3094666705899529,96.25955372885058
2023-05-10,1136.6766978121202,1139.6895751953125,10872255.0,0.6876407039037247,96.92147360168623
2023-05-11,1140.7622816578707,1132.2486572265625,10557860.0,-0.6528898860441723,96.28868310313584
2023-05-12,1127.4553650769165,1134.097412109375,6955341.0,0.1632817023904387,96.44590490411599
2023-05-15,1136.631024460071,1136.334228515625,6833343.0,0.19723318141513513,96.63612823070298
2023-05-16,1138.5024831085086,1120.1513671875,8717229.0,-1.424128651766865,95.25990544061138
2023-05-17,1124.3510275803587,1113.5321044921875,8798967.0,-0.5909257346114138,94.6969901445963
2023-05-18,1118.2112689036005,1111.1356201171875,10525531.0,-0.21521466380108878,94.49318833562687
2023-05-19,1111.1355938507186,1114.7418212890625,8050447.0,0.32455094648973226,94.79986687273848
2023-05-22,1111.5691808774145,1120.6990966796875,7434906.0,0.5344085309131108,95.30648544860067
2023-05-23,1123.2784399572938,1120.4937744140625,6092034.0,-0.01832090935321995,95.28902443379388
2023-05-24,1116.545095308795,1113.9658203125,8112254.0,-0.5825961955903014,94.7338742026275
2023-05-25,1111.0672556833676,1113.8289794921875,11487863.0,-0.012284113014715548,94.72223698645723
2023-05-26,1122.0687058844728,1144.2088623046875,12626260.0,2.7275177223661906,97.30580278728456
2023-05-29,1150.8278330032474,1150.645263671875,10010304.0,0.5625197967985551,97.8531671913968
2023-05-30,1150.6454300892003,1150.3487548828125,11342504.0,-0.02576891405403625,97.82795149284411
2023-05-31,1141.241490829393,1127.5008544921875,27107927.0,-1.986171610448051,95.88492049321034
2023-06-01,1132.180215680503,1124.46533203125,14592692.0,-0.26922573484918777,95.62677361140294
2023-06-02,1128.0032245554776,1120.79052734375,15800644.0,-0.32680462285678,95.31426089455208
2023-06-05,1126.268543700321,1130.8563232421875,10908682.0,0.8980978740330103,96.17027624529632
2023-06-06,1133.6865172838243,1131.8148193359375,7493309.0,0.08475843253030746,96.25178866400191
2023-06-07,1135.3070073943356,1140.39697265625,10312545.0,0.7582647950614252,96.98163209205795
2023-06-08,1143.9804362633745,1141.0816650390625,12071109.0,0.060039828167712805,97.03985969732027
2023-06-09,1144.4370477074842,1133.0018310546875,5877018.0,-0.7080855149923404,96.35273450703465
2023-06-12,1130.0574375493186,1134.006103515625,6391969.0,0.0886382028176147,96.43813983926731
2023-06-13,1138.9590448637286,1150.7593994140625,11248016.0,1.4773550024553828,97.86287352245765
2023-06-14,1150.827933567815,1164.910888671875,13277380.0,1.2297522197097122,99.06634438187177
2023-06-15,1164.888030487722,1165.23046875,11813494.0,0.027433864790227247,99.09352210884212
2023-06-16,1168.72265257123,1176.574462890625,24171579.0,0.9735408097244713,100.05823798636504
2023-06-19,1179.5873088461865,1164.8880615234375,6798554.0,-0.9932564181680537,99.0644031156596
2023-06-20,1162.9480481347905,1167.3074951171875,6921096.0,0.20769665976194673,99.27015657194394
2023-06-21,1167.2617442064677,1170.59423828125,6961603.0,0.2815661835301242,99.54966776318794
2023-06-22,1166.8053921892115,1157.4471435546875,7619166.0,-1.1231128854577332,98.43161261710922
2023-06-23,1154.4343325060674,1147.9749755859375,6628570.0,-0.8183672162911604,97.62608056898408
2023-06-26,1144.436975506937,1139.2100830078125,12641159.0,-0.7635090280301071,96.88069663012794
2023-06-27,1139.666736088607,1139.62109375,9689466.0,0.03607857306724416,96.91564980304972
2023-06-28,1147.1760589375283,1154.708251953125,11354006.0,1.323874951584103,98.19869181495726
2023-06-30,1162.4229485666156,1164.180419921875,11151555.0,0.8203083292016355,99.00422386308239
2023-07-03,1167.741194264735,1194.0582275390625,12154387.0,2.5664241646662145,101.54509218834475
2023-07-04,1198.3036177471888,1181.755615234375,8061643.0,-1.0303192943984851,100.49885351101354
2023-07-05,1190.9997357239995,1179.8155517578125,10248062.0,-0.16416790845353857,100.33386664518471
2023-07-06,1175.958111582341,1204.5804443359375,19117987.0,2.099047816519084,102.43992248222962
2023-07-07,1202.8686056265724,1202.2294921875,13375267.0,-0.19516771665121224,102.23999282458178
2023-07-10,1227.4738168988026,1248.5411376953125,33240016.0,3.8521468495625433,106.17842748716689
2023-07-11,1256.6895309307056,1262.076171875,20069348.0,1.0840679390565988,107.32947377774973
2023-07-12,1262.806571231475,1263.468505859375,18733835.0,0.11032091528251353,107.44788063558926
2023-07-13,1270.8408996155135,1252.170166015625,14682934.0,-0.8942320122229841,106.48704729049065
2023-07-14,1255.3657025022662,1251.120361328125,15124144.0,-0.08383881967419793,106.39776980693641
2023-07-17,1253.9962192785829,1276.68408203125,22220040.0,2.0432662990144124,108.57175958030447
2023-07-18,1285.9509768018002,1287.52587890625,25867313.0,0.8492153248868206,109.4937676011597
2023-07-19,1291.8854597114334,1297.294921875,39122156.0,0.7587453680580669,110.32454649114575
2023-07-20,1276.0147195399904,1295.7237548828125,38717624.0,-0.12111101074200326,110.19093131779378
2023-07-21,1290.3576048302098,1255.6134033203125,30249238.0,-3.0955943665729624,106.77986705544589
2023-07-24,1227.0515368964086,1230.216796875,23727866.0,-2.0226453762084984,104.62008901172733
2023-07-25,1233.4810641733905,1229.425537109375,12026020.0,-0.0643187255803146,104.55279870377399
2023-07-26,1229.029726310642,1249.4063720703125,12911012.0,1.6252171732105358,106.25200874337996
2023-07-27,1253.2889256301971,1237.7838134765625,17226898.0,-0.9302464637258923,105.26360318940695
2023-07-28,1242.4082771327046,1250.22265625,20827852.0,1.0049285374398753,106.32142717739477
2023-07-31,1250.222567835286,1260.8065185546875,8551174.0,0.8465581911971887,107.22149992816277
2023-08-01,1263.6503718598296,1242.9769287109375,9536632.0,-1.4141416292952513,105.70523606212383
2023-08-02,1240.9986995264646,1229.6976318359375,12748214.0,-1.0683462072599847,104.57593818177892
2023-08-03,1224.23249959185,1224.5291748046875,10168350.0,-0.4203030808096697,104.13640229181529
2023-08-04,1235.8549028515122,1241.171630859375,22885610.0,1.359090203574942,105.55170993371874
2023-08-07,1246.8346631113916,1248.2442626953125,5982870.0,0.5698351186967265,106.15318064530597
2023-08-08,1250.2967221809697,1240.7265625,9844072.0,-0.6022619466385271,105.51386043313282
2023-08-09,1238.8472469851745,1248.911865234375,11486586.0,0.6597185054120214,106.20995489618481
2023-08-10,1248.7882887892447,1254.4759521484375,15470598.0,0.445514777219147,106.68313594012513
2023-08-11,1252.4975295128647,1259.767822265625,22179330.0,0.4218391040597069,107.13316712495775
2023-08-14,1255.73712271286,1274.65478515625,9575812.0,1.1817227450572343,108.39918412837355
2023-08-16,1261.6721656259772,1273.6162109375,10203112.0,-0.08147886242176883,108.31086170627127
2023-08-17,1269.6347394983914,1255.242431640625,13673744.0,-1.4426464690921459,106.74831888422247
2023-08-18,1251.9041214413387,1264.5406494140625,18639978.0,0.7407507537236846,107.53905786094471
2023-08-21,1260.6443643964944,1250.74267578125,9221746.0,-1.0911451236625624,106.36565067506234
2023-08-22,1249.204008079304,1250.44482421875,7713044.0,-0.02381397614932279,106.34032078437951
2023-08-23,1252.8272476636505,1251.8345947265625,9517952.0,0.11114208967042405,106.45850963906152
2023-08-24,1260.6195534341234,1230.7904052734375,14140020.0,-1.6810678936159063,104.66886981349725
2023-08-25,1218.9778633049934,1225.1075439453125,22222400.0,-0.46172453926974777,104.18558795659206
2023-08-28,1226.9189266304347,1212.897705078125,12580826.0,-0.996634044703304,103.14723891734235
2023-08-29,1217.0173382536789,1201.2838134765625,16876644.0,-0.9575326553045493,102.15957042166379
2023-08-30,1207.066064519438,1200.142333984375,12168946.0,-0.09502163263850338,102.06249672995264
2023-08-31,1202.599060591098,1194.6578369140625,21638600.0,-0.45698721851635815,101.59608416499808
2023-09-01,1194.4343955405525,1197.4619140625,18112842.0,0.2347180139612881,101.83454847601259
2023-09-04,1197.4619529612137,1196.494140625,9347626.0,-0.08081872384706479,101.75224709349887
2023-09-05,1201.1101487589583,1202.89697265625,8675876.0,0.5351327527525873,102.29675669435791
2023-09-06,1201.6560920331103,1205.4281005859375,8200370.0,0.21041934490018122,102.51200885964833
2023-09-07,1201.9537313347682,1207.06591796875,13652572.0,0.1358701843781729,102.6512921150957
2023-09-08,1211.0365924741222,1215.1064453125,23109288.0,0.6661216445644103,103.3350745902994
2023-09-11,1216.9924464989117,1228.20947265625,13271074.0,1.0783439915323711,104.44938215828938
2023-09-12,1232.3785847782628,1210.4658203125,16255666.0,-1.444676395906297,102.94042658857863
2023-09-13,1211.0365644667,1216.52099609375,12803338.0,0.5002351722485532,103.4553708088374
2023-09-14,1220.9630582690309,1217.6376953125,9209636.0,0.09179448791560851,103.55033713669255
2023-09-15,1224.9336610195687,1219.89599609375,25468592.0,0.18546574157023432,103.74238753736158
2023-09-18,1211.061482045193,1209.274658203125,7516300.0,-0.8706756907667312,102.83912778805275
2023-09-20,1202.623922773179,1182.3240966796875,57081884.0,-2.2286551149168776,100.54719830646843
2023-09-21,1178.7504333612094,1173.7127685546875,12226182.0,-0.7283390526491962,99.81487379485779
2023-09-22,1179.2716708437545,1168.823974609375,19176786.0,-0.4165238784385572,99.3991210112689
2023-09-25,1166.5657437194718,1161.6273193359375,14254884.0,-0.61571762983752,98.78710309929899
2023-09-26,1160.684310036077,1162.644775390625,10087782.0,0.08758885382182946,98.87362959062744
2023-09-27,1163.1411580463557,1175.747802734375,11722778.0,1.1270017825820933,99.98793715861744
2023-09-28,1182.7460248832851,1158.4757080078125,14518346.0,-1.4690305766588474,98.51908378878692
2023-09-29,1162.2973995824232,1163.8856201171875,12342014.0,0.46698537327798384,98.97915349996804
2023-10-03,1156.4158809171215,1150.5592041015625,8859056.0,-1.1449936132283511,97.8458485139659
2023-10-04,1146.0178196869251,1148.5738525390625,10286386.0,-0.17255535877011008,97.67701025902097
2023-10-05,1151.1052273242312,1148.5491943359375,10953682.0,-0.0021468539502689232,97.67491327626772
2023-10-06,1150.0132553057874,1150.4847412109375,5431026.0,0.16852102500659605,97.8395160412952
2023-10-09,1145.5711149238573,1140.6822509765625,7576878.0,-0.8520313119544265,97.00589272915869
2023-10-10,1144.8018394410435,1145.719970703125,10236032.0,0.4416409321920778,97.434310458089
2023-10-11,1148.722762099973,1163.910400390625,9814118.0,1.5876854862132417,98.98126086382402
2023-10-12,1163.3148210249558,1166.0693359375,12554450.0,0.18548984063984086,99.16486104686362
2023-10-13,1161.4039150831682,1166.019775390625,10150316.0,-0.004250222979673701,99.16064631915164
2023-10-16,1163.885548402189,1163.4140625,5929036.0,-0.22347072885209318,98.93905130008778
2023-10-17,1169.3451452373686,1168.972900390625,7928180.0,0.477803910903396,99.41178595661032
2023-10-18,1168.9729714451066,1153.4627685546875,8918320.0,-1.326817057158003,98.0927734237126
2023-10-19,1147.5068298823098,1144.603271484375,12032556.0,-0.7680782866891889,97.33934413023384
2023-10-20,1141.5508934053469,1141.104248046875,8913312.0,-0.3056974870395357,97.04178020132696
2023-10-23,1136.5875839948085,1123.2860107421875,7853962.0,-1.5614907520662857,95.52648177784275
2023-10-25,1116.7594889591046,1120.680419921875,11620688.0,-0.23196147689855673,95.30489713988162
2023-10-26,1117.2307983645155,1105.07080078125,15222534.0,-1.3928698015187257,93.97742400825173
2023-10-27,1111.7712909465938,1124.5765380859375,11771084.0,1.76511199924001,95.63623079599805
2023-10-30,1128.6464350717906,1147.7550048828125,16813304.0,2.0610839735573316,97.60737382184865
2023-10-31,1155.448028104718,1135.5452880859375,12808438.0,-1.063791204998632,96.56903516370168
2023-11-01,1136.1656826268284,1140.2603759765625,10309190.0,0.41522675846532575,96.97001563809316
2023-11-02,1148.4746196953226,1151.57666015625,10562104.0,0.9924298360359796,97.93237500529436
2023-11-03,1155.0509397455935,1151.3284912109375,8850156.0,-0.021550362550659674,97.91127022342624
2023-11-06,1157.5822297180116,1160.9075927734375,10647304.0,0.832004213882076,98.72589611755063
2023-11-07,1158.4507493206686,1153.3634033203125,6960204.0,-0.6498527100767593,98.08432320608316
2023-11-08,1157.4333936812943,1159.3690185546875,7884494.0,0.5207045079708594,98.59505269862994
2023-11-09,1159.344192861405,1146.787109375,14513610.0,-1.085237657581417,97.52506205823217
2023-11-10,1144.3055869187945,1148.9461669921875,7734954.0,0.18827013309943297,97.70867262237452
2023-11-13,1152.9167762849927,1148.79736328125,3854810.0,-0.012951321411958094,97.69601805813583
2023-11-15,1161.4039352802763,1169.5684814453125,12220648.0,1.8080750207099205,99.46243535687324
2023-11-16,1166.9131951067154,1171.6778564453125,13134910.0,0.18035497993185157,99.64182081220086
2023-11-17,1167.8064883385834,1169.121826171875,7758634.0,-0.2181512827418408,99.42445090195173
2023-11-20,1165.6474702823514,1166.0445556640625,4490186.0,-0.263212134007329,99.16275368300764
2023-11-21,1174.3083747965666,1180.7109375,8214450.0,1.2577891440507694,100.4100120337743
2023-11-22,1178.7752974396924,1185.3267822265625,8534814.0,0.39093774606135945,100.80255267163906
2023-11-23,1185.3268657327444,1188.9500732421875,8531542.0,0.3056786592486205,101.11068456313413
2023-11-24,1187.0144298509326,1188.1558837890625,6749486.0,-0.06679754440481744,101.04314510871507
2023-11-28,1188.155889499075,1188.404052734375,13792174.0,0.020886901180094952,101.06424989058318
2023-11-29,1195.1540911072586,1191.5308837890625,12531306.0,0.26311177982716316,101.33016183723926
2023-11-30,1188.5529645510346,1179.9913330078125,28439984.0,-0.968464262088975,100.34881543312868
2023-12-01,1180.2643464861462,1188.3544921875,14342842.0,0.7087475090490347,101.06003516287119
2023-12-04,1215.9999042684665,1201.2093505859375,15590990.0,1.0817360041088797,102.15323794899307
2023-12-05,1210.5403299982054,1209.919921875,12693624.0,0.7251501401328131,102.89400229713041
2023-12-06,1214.560584514323,1221.5091552734375,16422442.0,0.9578512750230361,103.87957381005573
2023-12-07,1220.9630401277734,1219.4989013671875,8142096.0,-0.16457133354845777,103.70861781015206
2023-12-08,1222.8739302715144,1218.8536376953125,10204894.0,-0.05291219788321477,103.6537433010744
2023-12-11,1218.9777608532804,1220.6405029296875,7066138.0,0.146602116867256,103.80570188296593
2023-12-12,1220.9630282642331,1203.1201171875,9197124.0,-1.435343633128383,102.31573335016455
2023-12-13,1202.102614795848,1208.03369140625,10031182.0,0.40840263150419,102.73359349760945
2023-12-14,1217.9851619285064,1223.0228271484375,16972354.0,1.24078788934594,104.00829948401767
2023-12-15,1229.8969303201395,1238.63232421875,15932152.0,1.2763046382958443,105.33576223454482
2023-12-18,1238.6323699765337,1251.239013671875,14165188.0,1.0177910915635469,106.40786023879858
2023-12-19,1268.1140495332209,1269.6527099609375,16820604.0,1.471637000434134,107.97379768144299
2023-12-20,1276.080186427869,1254.2913818359375,17736722.0,-1.2098842466514048,106.66743971278396
2023-12-21,1254.2170195322976,1271.8614501953125,13765454.0,1.4007963870131368,108.16163335440005
2023-12-22,1270.3973397701047,1273.102294921875,16541784.0,0.09756131270208801,108.26715726374063
2023-12-26,1274.5663382448713,1279.554443359375,7465664.0,0.5068051847236577,108.81586083010619
2023-12-27,1281.5150092423955,1283.9222412109375,9204156.0,0.3413530291134226,109.18730706720561
2023-12-28,1285.38634910855,1293.2034912109375,12302636.0,0.7228825626734547,109.97660307064714
2023-12-29,1295.958012986606,1282.97900390625,10864584.0,-0.7906325163964278,109.10709228634236
2024-01-01,1280.7952766903763,1285.609619140625,4030540.0,0.20503961688893568,109.33080505036497
2024-01-02,1283.0039664322292,1296.255859375,7448800.0,0.8281083212096307,110.23618254463253
2024-01-03,1295.412048372221,1282.16015625,9037536.0,-1.0874167335911844,109.03745584917006
2024-01-04,1284.4928354763,1288.7860107421875,9612778.0,0.5167727650784659,109.60093172473302
2024-01-05,1291.888116528752,1294.2705078125,8086406.0,0.42555529192578323,110.06734428968758
2024-01-08,1295.4120337021336,1284.1702880859375,7734652.0,-0.7803793461718667,109.20840146797097
2024-01-09,1290.448874370277,1280.7705078125,5403074.0,-0.26474528378201967,108.9192773755908
2024-01-10,1279.0333061103788,1315.3148193359375,11102740.0,2.697150762976075,111.85699449635457
2024-01-11,1319.7321386109766,1349.9088134765625,23725852.0,2.6300923271046495,114.79893672593306
2024-01-12,1349.9087552154865,1360.6541748046875,15012164.0,0.7960064576844506,115.71274367562458
2024-01-15,1364.897836134336,1383.88232421875,8610594.0,1.7071310141973939,117.68811181028991
2024-01-16,1379.7627106993225,1364.5255126953125,9069024.0,-1.3987324778040766,116.04196996788502
2024-01-17,1349.511582817391,1351.5712890625,12197382.0,-0.949357378245308,114.94031696413371
2024-01-18,1341.4712027363942,1357.8995361328125,10279438.0,0.468214079532725,115.47848371121931
2024-01-19,1365.890429247957,1357.4031982421875,10422704.0,-0.036551886013491686,115.43627414748308
2024-01-23,1361.671682300463,1318.8138427734375,20055420.0,-2.8428808417957585,112.15455842526146
2024-01-24,1325.4149927095905,1334.00146484375,21919128.0,1.1516122729174016,113.44614408472309
2024-01-25,1333.0831783387705,1343.1337890625,11808872.0,0.684581273665974,114.22277514282322
2024-01-29,1354.474931519067,1437.4111328125,23893438.0,7.019207209119882,122.24030841010504
2024-01-30,1449.223597164783,1397.2830810546875,14093978.0,-2.791689228070482,118.82773888786001
2024-01-31,1393.684781061071,1416.1435546875,15130226.0,1.349796178636642,120.43167116652866
2024-02-01,1424.4569627393994,1416.1683349609375,13349362.0,0.0017498419108363805,120.43377853038466
2024-02-02,1422.6453963923934,1446.9901123046875,19652588.0,2.1764204567248813,123.0549239231267
2024-02-05,1450.0177530325548,1428.452392578125,8814432.0,-1.2811227643454104,121.47843928009958
2024-02-06,1431.2565145548228,1417.309814453125,9047984.0,-0.7800454661908263,120.5308522220958
2024-02-07,1425.3752031215413,1431.554443359375,9296568.0,1.0050469389959238,121.74224386289968
2024-02-08,1439.3467435794869,1439.4708251953125,14694634.0,0.5529920201540195,122.41546875661795
2024-02-09,1443.31729322881,1450.0177001953125,12556798.0,0.7326911261691604,123.31239603325608
2024-02-12,1450.017752117624,1441.679443359375,6674430.0,-0.5750451759874653,122.60329404847228
2024-02-13,1444.8063713272154,1454.3358154296875,7715594.0,0.8778908604551328,123.67961716154075
2024-02-14,1446.7916226083244,1470.4912109375,7117888.0,1.1108435435896347,125.05350420351613
2024-02-15,1472.4516121931645,1459.7952880859375,10006782.0,-0.72737074332756,124.14390160043385
2024-02-16,1465.6271998466532,1449.843994140625,9767498.0,-0.6816910580907831,123.29762372405865
2024-02-19,1451.30825618237,1463.17041015625,6729828.0,0.9191620663659084,124.43092871006078
2024-02-20,1464.1880192365334,1460.2174072265625,7117496.0,-0.2018222149101634,124.17979945370486
2024-02-21,1463.170510366537,1456.916748046875,12720292.0,-0.2260388873158603,123.89910481674862
2024-02-22,1457.3633484018678,1470.8634033203125,18493728.0,0.9572719437904942,125.08515618576692
2024-02-23,1478.556551746289,1482.6512451171875,14438584.0,0.801423284464442,126.08761775284836
2024-02-26,1482.5768223248915,1476.3974609375,7513106.0,-0.42179738494019237,125.55578347843345
2024-02-27,1472.1291493159845,1474.73486328125,10826044.0,-0.1126117932493731,125.4143928591301
2024-02-28,1472.1042938560004,1444.930419921875,8647950.0,-2.021003510628405,122.87976357661378
2024-02-29,1454.2365988812116,1450.0675048828125,23628976.0,0.35552472908801924,123.31663152317354
2024-03-01,1452.7475417409498,1481.1622314453125,12132926.0,2.1443640697963895,125.96098906163967
2024-03-04,1479.524373681886,1496.3250732421875,10024420.0,1.0237124249434348,127.2504673572453
2024-03-05,1494.7119691573153,1489.1778564453125,7107668.0,-0.47765134225737915,126.64265379188464
2024-03-06,1482.4775132325713,1491.9573974609375,7805676.0,0.18664936519132702,126.87903150124865
2024-03-07,1491.9325571368477,1468.059326171875,8315726.0,-1.6017931430034826,124.84669187475241
2024-03-11,1478.060156044582,1455.82470703125,11277130.0,-0.833387242770911,123.80623547164672
2024-03-12,1455.8248476863198,1464.5850830078125,9432678.0,0.6017466206097666,124.55123530970151
2024-03-13,1468.9029635812572,1421.6527099609375,13522134.0,-2.9313676306674474,120.90018071423647
2024-03-14,1429.1224321842872,1420.9578857421875,18571102.0,-0.048874399062559526,120.84109147744684
2024-03-15,1415.4733954219128,1407.80517578125,19223818.0,-0.9256227853697174,119.72255880064213
2024-03-18,1409.5671563330236,1428.8990478515625,9169392.0,1.4983516493044968,121.51642373502112
2024-03-19,1418.252849649116,1414.778564453125,8275764.0,-0.9882072088765459,120.31558967570265
2024-03-20,1417.458614341769,1433.142578125,8488806.0,1.2980132816030832,121.87730200953236
2024-03-21,1441.8532357214951,1440.3145751953125,13006936.0,0.5004384894973679,122.48722293874901
2024-03-22,1439.321893152815,1444.3348388671875,19527608.0,0.27912400118077496,122.82911417635086
2024-03-26,1434.3835274360674,1430.983642578125,11415906.0,-0.9243837322053361,121.69370182649276
2024-03-27,1437.3614966588375,1481.8819580078125,16326644.0,3.556876117604446,126.02219604338802
2024-03-28,1481.90676076149,1474.933349609375,21854364.0,-0.468904311904772,125.43127253218348
2024-04-01,1481.509712382751,1473.8663330078125,5013880.0,-0.07234337753940778,125.34053131314306
2024-04-02,1473.0968689675983,1476.025146484375,8910166.0,0.14647281291491066,125.52412111507991
2024-04-03,1471.186101560143,1460.7880859375,7008292.0,-1.0323035879955644,124.22833110900906
2024-04-04,1468.878217464342,1452.1768798828125,14490272.0,-0.5894904358534014,123.49601697850115
2024-04-05,1450.1417667351743,1449.3724365234375,7442298.0,-0.19311995654422986,123.25752152417842
2024-04-08,1452.226356281804,1475.057373046875,8357118.0,1.7721419199227428,125.44181973256619
2024-04-09,1478.060211901015,1452.896484375,7071414.0,-1.5023746924568426,123.55721357914678
2024-04-10,1455.5766564963697,1468.7044677734375,9138330.0,1.0880323249758295,124.90155600272732
2024-04-12,1465.031599863232,1456.3707275390625,15551012.0,-0.8397700493873339,123.85267014419767
2024-04-15,1450.2658952456557,1454.062744140625,12902062.0,-0.158474992307589,123.65639463471392
2024-04-16,1442.6721581376476,1454.9810791015625,9366184.0,0.06315648789145811,123.73449167061841
2024-04-18,1452.7475160786112,1453.56640625,19005692.0,-0.09722963905730575,123.61418507097768
2024-04-19,1446.0720814485835,1459.323974609375,15741778.0,0.3960994375364457,124.10382016275906
2024-04-22,1461.6317610616636,1468.9774169921875,10350362.0,0.6615009792733995,124.92476814845143
2024-04-23,1468.1337674689391,1448.603271484375,14605554.0,-1.3869611113239366,123.19211019582082
2024-04-24,1452.7475596039474,1439.5205078125,10462776.0,-0.6270014606944763,122.41969386543268
2024-04-25,1431.9018276580116,1449.2484130859375,15943926.0,0.6757739970109977,123.24697432379573
2024-04-26,1453.1943211694756,1441.878173828125,9413848.0,-0.508555965372337,122.62019448373115
2024-04-29,1439.3467183436048,1454.2613525390625,7247974.0,0.8588228142784482,123.67328468887004
2024-04-30,1457.2144546560796,1456.2218017578125,11474262.0,0.1348072143516177,123.84000519885625
2024-05-02,1461.185178797564,1455.7752685546875,14512646.0,-0.030663818010823185,123.80203112503747
2024-05-03,1460.1925152681529,1423.46435546875,17226958.0,-2.219498694878652,121.05424665998402
2024-05-06,1424.9533097670264,1409.095703125,7394208.0,-1.0094142707927745,119.83230781879743
2024-05-07,1405.571689953147,1391.17822265625,14517472.0,-1.2715588039204029,118.30856955878653
2024-05-08,1387.2325360419566,1408.1279296875,9439002.0,1.2183706411740047,119.75000643628371
2024-05-09,1402.6186490602306,1383.88232421875,11009612.0,-1.7218325805192114,117.68811181028991
2024-05-10,1386.4879762578594,1397.0845947265625,10505096.0,0.9540023943340525,118.81085921480661
2024-05-13,1389.614931468387,1392.394287109375,8456620.0,-0.33572108910882026,118.41198610427112
2024-05-14,1390.6818338615062,1409.6414794921875,7188300.0,1.2386715848007324,119.87872172914291
2024-05-15,1410.063563528233,1405.86962890625,5046534.0,-0.2675751700564555,119.55795603561465
2024-05-16,1408.1278405018506,1414.8778076171875,14711774.0,0.6407549125266865,120.32402951222936
2024-05-17,1412.5948920294334,1425.15185546875,10916476.0,0.7261438264315689,121.1977550242461
2024-05-21,1415.1260338425998,1425.57373046875,11176128.0,0.02960210860205592,121.23363211531162
2024-05-22,1425.722663053995,1449.9185791015625,10281604.0,1.707722870623285,123.30396657783211
2024-05-23,1447.8340020088174,1475.1319580078125,14608260.0,1.7389513638671694,125.44816258633963
2024-05-24,1472.724715385057,1469.37451171875,7094776.0,-0.3903004241625929,124.95853787566095
2024-05-27,1469.3497180106694,1455.4774169921875,6629010.0,-0.9457830264325784,123.77670123435465
2024-05-28,1457.2144512745626,1445.5010986328125,7820162.0,-0.6854327138920202,122.928295231918
2024-05-29,1435.87248908715,1430.1895751953125,7383556.0,-1.05925367002363,121.62617275317642
2024-05-30,1424.9532474164846,1414.3814697265625,13206858.0,-1.1053153891567913,120.28181994849312
2024-05-31,1420.7841589242364,1419.8907470703125,31069832.0,0.3895184900022164,120.75033987730367
2024-06-03,1472.1043222829317,1499.228515625,21527942.0,5.5875967019565875,127.49738188588925
2024-06-04,1487.0437791255476,1387.0091552734375,36709098.0,-7.485140469382035,117.95402375694599
2024-06-05,1411.5524616660985,1410.3116455078125,17464890.0,1.6800530945147996,119.93571398317928
2024-06-06,1424.4569533735907,1421.0819091796875,17855722.0,0.7636796949228142,120.85163867782953
2024-06-07,1418.004611799037,1459.1500244140625,18558696.0,2.6788121774310447,124.08902709135619
2024-06-10,1459.150058153404,1460.5894775390625,9251760.0,0.09865011142895508,124.21144105485291
2024-06-11,1458.20717740815,1445.9727783203125,11774902.0,-1.0007397316991185,122.96840781290098
2024-06-12,1446.7916974833406,1452.5738525390625,10081742.0,0.45651441837086804,123.52977632460795
2024-06-13,1461.1851486521073,1454.4847412109375,9181160.0,0.13155191170037828,123.69228210688217
2024-06-14,1459.199879544848,1466.6944580078125,8157998.0,0.8394530689067148,124.73062076502914
2024-06-18,1476.4224025999808,1470.1439208984375,7196766.0,0.23518619517457484,125.02396996622404
2024-06-19,1476.571240472528,1447.9332275390625,8725874.0,-1.5107836072132064,123.13512832288718
2024-06-20,1448.280730003189,1462.8726806640625,16113776.0,1.031777767155151,124.4056092004807
2024-06-21,1462.7982011333013,1443.515869140625,31170360.0,-1.323205483244827,122.7594673580758
2024-06-24,1434.9045699529108,1430.88427734375,8878386.0,-0.8750573559260566,121.6852516088633
2024-06-25,1432.3982039886682,1443.46630859375,7045386.0,0.8793185758779076,122.75525263036383
2024-06-26,1435.425808927042,1502.9013671875,22014882.0,4.11752309284259,127.80972850509629
2024-06-27,1502.6283145931025,1519.304931640625,28383030.0,1.0914598130828956,129.20472032893977
2024-06-28,1519.7764812043604,1553.89892578125,28957336.0,2.276961880408601,132.14666255851827
2024-07-01,1551.0450507194453,1548.6875,7724306.0,-0.33537739776928754,131.70347252039056
2024-07-02,1557.968834801107,1553.6756591796875,7749246.0,0.32208945831146973,132.1276755216089
2024-07-03,1554.8170660210362,1541.019287109375,9049620.0,-0.81460837695011,131.0513524085404
2024-07-04,1545.5606622734106,1542.6075439453125,6837176.0,0.1030653444264562,131.18642093627582
2024-07-05,1542.4088769403463,1576.9532470703125,12269710.0,2.2264705796238182,134.10724800288344
2024-07-08,1577.3255888697254,1589.13818359375,9500806.0,0.77268850843073,135.14347929717442
2024-07-09,1585.8623208770043,1578.5911865234375,6960002.0,-0.6636928858169577,134.24654163943356
2024-07-10,1583.281430895477,1572.5855712890625,7134578.0,-0.3804414522040611,133.7358121468868
2024-07-11,1575.8365135146928,1569.036865234375,11940946.0,-0.22566060120839948,133.4340231091652
2024-07-12,1572.8586162043875,1584.9937744140625,12924784.0,1.0169875248472238,134.79103047808715
2024-07-15,1592.6620057625546,1585.4901123046875,5329688.0,0.03131481641360789,134.8332400418234
2024-07-16,1581.792452589091,1564.669189453125,9386838.0,-1.313216821093699,133.06258725316852
2024-07-18,1564.4210812674708,1575.0177001953125,12298374.0,0.6613864970271832,133.94264523785597
2024-07-19,1574.3475621142547,1543.7242431640625,13140390.0,-1.9868638319029297,131.28138726413096
2024-07-22,1525.9557698439748,1489.6495361328125,19674376.0,-3.5028734743724033,126.68276637286762
2024-07-23,1489.9719903646578,1476.96826171875,18052044.0,-0.8512924756103102,125.60432551484043
2024-07-24,1474.0895996286229,1484.7109375,11913362.0,0.5242276345356123,126.26277809936126
2024-07-25,1470.1189136102262,1481.4351806640625,12519876.0,-0.22063263314091586,125.98420120736378
2024-07-26,1481.4352554076795,1497.9381103515625,9859940.0,1.1139825692611405,127.3876432488367
2024-07-29,1500.8416167163412,1508.9317626953125,7538550.0,0.733918996237426,128.32256536149907
2024-07-30,1505.8792447159435,1502.03271484375,8228208.0,-0.45721403857514886,127.73585657800652
2024-07-31,1492.9499231376883,1494.364501953125,10057346.0,-0.5105223617864252,127.08373646615637
2024-08-01,1500.8913109431162,1504.1671142578125,10764222.0,0.6559719728269409,127.91737015939559
2024-08-02,1493.9425575637474,1488.3092041015625,10268248.0,-1.054265181437275,126.56878186479486
2024-08-05,1469.1262655731218,1436.6912841796875,17046704.0,-3.468225539398906,122.17909104725395
2024-08-06,1444.4590050773538,1445.3524169921875,10236186.0,0.6028527428176833,122.91565104878204
2024-08-07,1458.207118491354,1454.062744140625,8174568.0,0.6026438290091196,123.65639463471392
2024-08-08,1446.816580877676,1438.478271484375,12387192.0,-1.0717881823910314,122.33106001024822
2024-08-09,1449.2732763644294,1463.46826171875,6249776.0,1.7372518396532755,124.45625860074362
2024-08-12,1459.199797918004,1449.8936767578125,8184584.0,-0.9275626479931298,123.30184883287339
2024-08-13,1450.0178268110735,1452.8717041015625,6265064.0,0.20539625708344555,123.55510621529078
2024-08-14,1452.7973239887267,1451.1097412109375,6267466.0,-0.12127449971328641,123.40526537835797
2024-08-16,1457.8598362701878,1467.339599609375,9416902.0,1.1184445901998963,124.78548489300405
2024-08-19,1476.6025720306277,1482.4791259765625,13797742.0,1.031767040923448,126.07298039798656
2024-08-20,1491.268975771349,1489.9990234375,8411808.0,0.5072514903698089,126.71248747000898
2024-08-21,1487.30978907883,1492.7132568359375,7769996.0,0.18216343472330365,126.9433112894077
2024-08-22,1497.0210123494212,1492.1654052734375,10445782.0,-0.03670172821144124,126.89672090031567
2024-08-23,1497.768063961028,1494.008056640625,9249654.0,0.1234884122548019,127.05342364615886
2024-08-26,1500.9802618699923,1506.5828857421875,8816114.0,0.8416841559635069,128.12281218259778
2024-08-27,1504.4912711730517,1494.481201171875,6251156.0,-0.8032538192779826,127.09366080037472
2024-08-28,1499.0131426615155,1492.33984375,9610286.0,-0.1432843330646083,126.91155549612951
2024-08-29,1497.1205913811584,1514.874755859375,38335358.0,1.510038896552457,128.8279693483408
2024-08-30,1527.89778785993,1503.6197509765625,41620730.0,-0.7429660332829102,127.87082129471452
2024-09-02,1504.8647654458696,1510.2183837890625,11240852.0,0.4388498360848425,128.43198218436675
2024-09-03,1515.1984708784903,1503.1217041015625,10923800.0,-0.4699108263862328,127.82846639553995
2024-09-04,1494.7301447200666,1508.525146484375,11983304.0,0.3594813625582116,128.2879859082759
2024-09-05,1513.0072347057646,1487.035888671875,16264168.0,-1.424521020586289,126.46049658212573
2024-09-06,1486.5627588054049,1458.997802734375,19394228.0,-1.8855016312041895,124.07608185624083
2024-09-09,1460.666261949736,1456.63232421875,9010298.0,-0.162130368612734,123.87491684736706
2024-09-10,1454.6901127162012,1455.7110595703125,10768260.0,-0.06324620380312451,123.79657066499684
2024-09-11,1457.2300550346945,1445.7259521484375,9760202.0,-0.6859264657110176,122.94741722316299
2024-09-12,1451.2039809867947,1473.913330078125,22349376.0,1.9497040838064361,125.34452803769751
2024-09-13,1470.526852936648,1466.766845703125,8711328.0,-0.48486462732657554,124.7367767589533
2024-09-16,1471.6723576050656,1465.4969482421875,5481774.0,-0.08657800417685158,124.62878214716085
2024-09-17,1468.1364260685732,1466.4432373046875,5935328.0,0.0645712066227766,124.70925645559254
2024-09-18,1464.1522884024148,1457.6282958984375,8574714.0,-0.6011103043068844,123.95961626461347
2024-09-19,1460.4171894563085,1463.82861328125,16955902.0,0.425370267595615,124.48690361602877
2024-09-20,1468.136427109257,1480.0140380859375,30897320.0,1.1056912440321032,125.86334440927789
2024-09-23,1485.0687739665293,1487.434326171875,8832314.0,0.5013660610634352,126.4943805014654
2024-09-24,1482.5786761041754,1483.4501953125,17137444.0,-0.2678525558589717,126.15556207027426
2024-09-25,1477.9970102640052,1488.0069580078125,7069002.0,0.3071732849347697,126.54307825441342
2024-09-26,1484.7202013028073,1491.9910888671875,18818998.0,0.2677494777785894,126.88189668560457
2024-09-27,1493.0369361114394,1520.1038818359375,20597478.0,1.8842467075386393,129.27266464636566
2024-09-30,1513.3558880158446,1470.701171875,27008814.0,-3.249956174131363,125.07135970022698
2024-10-01,1474.7599230273088,1458.997802734375,16431642.0,-0.7957679890677194,124.07608185624083
2024-10-03,1430.8602791168494,1401.3780517578125,37757294.0,-3.949269208533057,119.17598336033804
2024-10-04,1398.34020617394,1381.0093994140625,37072876.0,-1.4534730523430572,117.44379255733068
2024-10-07,1387.9566419173104,1365.272216796875,22181340.0,-1.1395420352580121,116.10547117333867
2024-10-08,1367.513224520688,1391.791259765625,17020808.0,1.9423996652453202,118.36070345674112
2024-10-09,1391.9656892391697,1369.1318359375,14310610.0,-1.628076313106086,116.43370087973616
2024-10-10,1374.5352199766685,1365.595947265625,22358646.0,-0.25825772062730845,116.13300185780216
2024-10-11,1364.5501018082973,1366.6417236328125,7980122.0,0.0765802190085152,116.22193676496602
2024-10-14,1373.962442591221,1367.0650634765625,12221432.0,0.03097665148292794,116.25793842926441
2024-10-15,1353.1207855156183,1338.678466796875,33762794.0,-2.076462740368623,113.84388565506005
2024-10-16,1334.6695151768993,1348.6884765625,20034438.0,0.7477531023245998,114.69515684185264
2024-10-17,1360.2671814831224,1351.0291748046875,15543660.0,0.17355366215876522,114.89421448687041
2024-10-18,1346.796043723323,1353.8927001953125,12082452.0,0.21195141037859688,115.13773439491874
2024-10-21,1361.686598848784,1363.7532958984375,14067408.0,0.7283144152932186,115.97629911195895
2024-10-22,1363.7532474009167,1338.006103515625,15831960.0,-1.8879655477459623,113.78670654117435
2024-10-23,1332.1793705575924,1333.2003173828125,17214742.0,-0.35917520257832125,113.37801290744791
2024-10-24,1329.9633130042932,1334.4703369140625,22155934.0,0.09526096826493191,113.48601790034307
2024-10-25,1338.1555171764887,1322.5677490234375,18597496.0,-0.8919334931152934,112.47379809668709
2024-10-28,1331.6813526124563,1329.0418701171875,10824350.0,0.4895114899429842,113.02437026154566
2024-10-29,1322.8167478889227,1334.66943359375,12008361.0,0.42343011180425716,113.50294947891018
2024-10-30,1329.6893351932274,1338.553955078125,11984423.0,0.29104745988790537,113.8332969302664
2024-10-31,1334.6694245700712,1326.7510986328125,9331650.0,-0.8817617250717169,112.82955848754807
2024-11-01,1327.7471304089104,1333.3248291015625,2127335.0,0.4954757886030059,113.38860163224153
2024-11-04,1332.5280301195803,1296.9700927734375,19796890.0,-2.726622615482377,110.29692237675764
2024-11-05,1287.8564249120311,1300.1075439453125,16267479.0,0.2419062081197243,110.56373747935197
2024-11-06,1304.7888451117578,1320.0777587890625,21625209.0,1.5360433017062691,112.2620443630197
2024-11-07,1318.7331565363688,1300.4561767578125,9611974.0,-1.4863959263467397,110.5933859087742
2024-11-08,1292.4879180085577,1278.6431884765625,19814406.0,-1.6773335904045839,108.73836589816055
2024-11-11,1273.8622221377802,1267.6370849609375,9056552.0,-0.8607642550177097,107.80238491301881
2024-11-12,1270.4759075040322,1269.1810302734375,10671091.0,0.12179710824313794,107.93368510046
2024-11-13,1265.196886863478,1247.0693359375,14633633.0,-1.7422017670066903,106.05326253144436
2024-11-14,1248.613186761178,1262.5574951171875,12612633.0,1.2419645590951989,107.37040646584907
2024-11-18,1262.55746761959,1255.7347412109375,13620611.0,-0.5403915411881233,106.79018587156833
2024-11-19,1255.734688515481,1236.710693359375,14183746.0,-1.514973443612555,105.17234291522956
2024-11-21,1236.7107220331202,1218.1348876953125,19433843.0,-1.5020332373453904,103.59261936814794
2024-11-22,1224.509420421979,1260.3662109375,20471957.0,3.4668839771996307,107.18405529058369
2024-11-25,1284.868314871977,1281.8802490234375,28923341.0,1.7069672210535236,109.01365198058983
2024-11-26,1289.7986377983043,1290.545654296875,9247557.0,0.67599179252813,109.75057532071379
2024-11-27,1288.3543972122054,1288.0555419921875,9572746.0,-0.19295034595612215,109.53881120594365
2024-11-28,1284.818474176107,1265.7447509765625,15027412.0,-1.7321295773564005,107.6414570583609
2024-11-29,1274.9081506356404,1287.0595703125,13202307.0,1.6839745390603067,109.45411178869722
2024-12-02,1282.876370557777,1303.9422607421875,11024152.0,1.3117256434050262,110.88984944079077
2024-12-03,1311.760901783446,1318.035888671875,16869482.0,1.0808475462453115,112.08839965750666
2024-12-04,1320.7251432865569,1303.742919921875,19608540.0,-1.0844142312697147,110.87289710001819
2024-12-05,1309.1214514378748,1316.7908935546875,16858723.0,1.0008087816572253,111.98252279067296
2024-12-06,1318.6334884089777,1306.3326416015625,9037514.0,-0.7942226821521237,111.09313219462325
2024-12-09,1297.816673231309,1289.9979248046875,14650002.0,-1.250425525373744,109.7039953127245
2024-12-10,1284.121290398709,1279.73876953125,16043729.0,-0.7952846338873609,108.83153629524189
2024-12-11,1279.8882324099652,1273.115234375,11724373.0,-0.5175693128900094,108.26825766063095
2024-12-12,1264.9479526569407,1257.876220703125,20906813.0,-1.19698620049552,106.97230155691626
2024-12-13,1254.9877622795104,1267.78662109375,28630222.0,0.7878676953671393,107.81510176387393
2024-12-16,1269.9280595585296,1263.2547607421875,9486781.0,-0.3574623896608675,107.42970332469348
2024-12-17,1256.033537225462,1240.34619140625,17462791.0,-1.8134560064890004,105.48151291699853
2024-12-18,1235.714673937889,1248.2645263671875,12670179.0,0.6383971681293232,106.1549039083606
2024-12-19,1234.0712121990753,1225.55517578125,14244653.0,-1.8192738883663018,104.22365546033548
2024-12-20,1219.1309339507775,1200.50537109375,20312896.0,-2.043955684943488,102.09337012949801
2024-12-23,1210.166734877433,1217.437744140625,10052824.0,1.4104370921263154,103.5333328904063
2024-12-24,1217.4377030050357,1217.8858642578125,6734917.0,0.03680846263756088,103.57144191856067
2024-12-26,1219.3798917928575,1211.7105712890625,10016178.0,-0.5070502212055183,103.04628269320686
2024-12-27,1213.4536884394554,1216.1927490234375,7000397.0,0.36990497900886155,103.42745602357257
2024-12-30,1211.5611874241415,1205.8837890625,8818766.0,-0.8476419522493672,102.5507615161725
2024-12-31,1203.1945530395503,1210.6148681640625,6405475.0,0.39233292166906963,102.95310191502278
2025-01-01,1210.0172807004092,1216.391845703125,5892590.0,0.4771936716607028,103.44438760213967
2025-01-02,1216.3918076943417,1236.860107421875,15486276.0,1.6827029703506913,105.18504938498194
2025-01-03,1238.9518139936486,1246.1729736328125,15521102.0,0.7529441814037696,105.97703409403285
2025-01-06,1248.961727102304,1213.15478515625,14816766.0,-2.6495670484899647,103.1691015197104
2025-01-07,1217.1388288273845,1235.913818359375,10070505.0,1.8760205607393887,105.10457507655025
2025-01-08,1244.0314575822304,1260.4658203125,19346579.0,1.986546439436765,107.1925262704186
2025-01-09,1261.9598138402198,1249.758544921875,12794704.0,-0.8494697133453744,106.28195822478159
2025-01-10,1248.8621307808614,1236.959716796875,8120332.0,-1.024104070102605,105.19352036481686
2025-01-13,1225.1070543419412,1234.9178466796875,13764861.0,-0.16507167448225335,105.01987565930384
2025-01-14,1239.1509590647415,1233.822265625,13095266.0,-0.08871691810375948,104.9267052622225
2025-01-15,1239.9974688456068,1247.2186279296875,9578856.0,1.0857611082177643,106.06595862009401
2025-01-16,1253.8920943102864,1261.4119873046875,14117603.0,1.138000913164694,107.27299019774755
2025-01-17,1316.9900509904955,1297.169189453125,29366277.0,2.8346965549963965,110.31385395532472
2025-01-20,1310.764916385877,1300.2568359375,14040244.0,0.2380295885440198,110.57643356800162
2025-01-21,1305.2868371165837,1268.6331787109375,14562976.0,-2.432108515219722,107.88709471136796
2025-01-22,1273.2149526536994,1272.0196533203125,10273590.0,0.26693883355755066,108.17508726354963
2025-01-23,1264.947884048613,1258.6231689453125,8720682.0,-1.0531664616998282,107.03582352457539
2025-01-24,1260.9638702056577,1241.34228515625,14235970.0,-1.3729990211083898,105.56622271534768
2025-01-27,1234.1708090151494,1224.4595947265625,9536019.0,-1.3600350710330056,104.13048506325413
2025-01-28,1233.0752790316255,1229.4896240234375,10568025.0,0.4107958579064652,104.5582487827119
2025-01-29,1231.0832160878692,1230.585205078125,5928156.0,0.08910860517084007,104.65141917979321
2025-01-30,1230.635044492625,1248.0654296875,9269259.0,1.4204806410186954,106.13797232979351
2025-01-31,1250.8541794958078,1260.0673828125,6584612.0,0.9616445451906319,107.15864235107892
2025-02-01,1260.0673469134033,1259.5693359375,7118453.0,-0.03952541600500403,107.11628745190436
2025-02-03,1246.0235355947286,1240.94384765625,9252345.0,-1.4787187771117871,105.532338796008
2025-02-04,1243.085282988569,1280.08740234375,16691069.0,3.1543373023227295,108.86118472466408
2025-02-05,1277.5476050956522,1273.115234375,10112028.0,-0.5446634312613718,108.26825766063095
2025-02-06,1268.6331564996678,1276.4520263671875,9956001.0,0.2620966195432839,108.55202510399789
2025-02-07,1271.073491533156,1261.6610107421875,8764283.0,-1.1587600097353934,107.29416764733483
2025-02-10,1259.469777897567,1248.6629638671875,6970972.0,-1.0302329044276082,106.18878782770027
2025-02-11,1259.519670533727,1229.937744140625,8859714.0,-1.4996216167547205,104.59635781086627
2025-02-12,1214.5989377224969,1211.7105712890625,21131654.0,-1.4819589803139244,103.04628269320686
2025-02-13,1212.2086229517822,1211.2623291015625,8511216.0,-0.03699251274362769,103.00816328394973
2025-02-14,1214.1507532507958,1212.40771484375,10298145.0,0.09456132785348181,103.10556917094853
2025-02-17,1206.2821918357026,1220.02734375,8166683.0,0.6284708364159508,103.7535576039086
2025-02-18,1219.9775298877432,1220.525390625,6673250.0,0.04082259939102162,103.7959125030832
2025-02-19,1214.6488125132394,1222.567138671875,6217338.0,0.16728435660231522,103.96954682749349
2025-02-20,1219.0810452834291,1228.0950927734375,7795582.0,0.4521595523635513,104.43965506502309
2025-02-21,1223.8121434284387,1223.264404296875,6904025.0,-0.3933480806973422,104.0288436863379
2025-02-24,1211.7105497558396,1209.718505859375,7172498.0,-1.107356544498339,102.87687347761127
2025-02-25,1206.1826029932777,1199.21044921875,11552182.0,-0.8686365125215811,101.98324739164413
2025-02-27,1207.975493883109,1202.298095703125,11509215.0,0.25747328055609753,102.24582700432103
2025-02-28,1197.218393771922,1195.325927734375,23007298.0,-0.579903436066953,101.6528999402879
2025-03-03,1199.2104168056296,1166.5906982421875,17944938.0,-2.403966050217987,99.20919873666132
2025-03-04,1157.576687742468,1157.2779541015625,11377373.0,-0.7982871931567215,98.41722440871315
2025-03-05,1156.38156474498,1170.9234619140625,8664095.0,1.1791037549914618,99.57766559727467
2025-03-06,1192.2383549047067,1204.7882080078125,14468014.0,2.892140024113332,102.45759111909119
2025-03-07,1211.1627762331514,1244.828369140625,16474965.0,3.3234190762060356,105.86268624736424
2025-03-10,1240.0473535020744,1233.4736328125,11931051.0,-0.912152760140239,104.8970568328003
2025-03-11,1235.0672477916655,1242.3382568359375,10089838.0,0.7186715457569104,105.65092213259408
2025-03-12,1252.995610693361,1252.0494384765625,11977555.0,0.7816857918678366,106.47678037988193
2025-03-13,1255.0376050433522,1242.9359130859375,9505270.0,-0.7278886208929469,105.7017480116036
2025-03-17,1237.208673957254,1233.9217529296875,16640917.0,-0.7252312899922453,104.93516586095468
2025-03-18,1233.9217529296875,1233.9217529296875,0.0,0.0,104.93516586095468
2025-03-19,1236.113132982547,1242.1888427734375,16162399.0,0.6699849341436304,105.6382156628417
2025-03-20,1246.8700894970418,1264.101318359375,15971477.0,1.7640212849612702,107.50169627218753
2025-03-21,1269.927977701306,1271.2725830078125,21780769.0,0.5673014136038379,108.11155491478776
2025-03-24,1285.86434660882,1296.920166015625,20299319.0,2.017473148609139,110.29267650573742
2025-03-25,1302.497915186312,1280.33642578125,13713899.0,-1.2787017018420888,108.88236217425138
2025-03-26,1285.8643858858131,1267.98583984375,12074747.0,-0.9646359885421396,107.83204372354376
2025-03-27,1273.0655062272906,1273.115234375,15028056.0,0.4045309001149411,108.26825766063095
2025-03-28,1274.9081198538831,1270.027587890625,18147129.0,-0.24252686646160093,108.00567804795405
2025-04-01,1259.5693287834792,1247.6170654296875,12099648.0,-1.7645697364857216,106.09984253943365
2025-04-02,1242.5873186806543,1246.1729736328125,10142590.0,-0.1157479996779065,105.97703409403285
2025-04-03,1228.145018441354,1243.732666015625,7434366.0,-0.19582414871938125,105.76950546918016
2025-04-04,1236.162816017271,1199.9075927734375,17908652.0,-3.5236730882516665,102.04253386938579
2025-04-07,1127.6960086529814,1161.062744140625,22156106.0,-3.237320012537581,98.73909049913172
2025-04-08,1167.3378163352843,1177.4971923828125,19555040.0,1.4154659879601628,100.13670874196814
2025-04-09,1164.8477193030517,1180.6346435546875,10223104.0,0.26645084100167526,100.4035238445625
2025-04-11,1190.3957018139645,1214.1009521484375,11224242.0,2.834603302253491,103.24956544703936
2025-04-15,1246.0235343416643,1235.1668701171875,13378535.0,1.7351043116696552,105.04105310889112
2025-04-16,1229.1907298200806,1234.3701171875,8248464.0,-0.06450569141414064,104.97329565131454
2025-04-17,1235.266450081142,1269.4300537109375,15398401.0,2.8403098904663304,107.9548625500473
2025-04-21,1264.947875835223,1290.346435546875,10429964.0,1.6476986482864886,109.73363336104396
2025-04-22,1294.8286411452225,1286.0635986328125,13051707.0,-0.3319137245686554,109.3694123714508
2025-04-23,1291.840547250601,1294.82861328125,10480888.0,0.6815381959146771,110.11480669140967
2025-04-24,1287.2588872304611,1296.4222412109375,10468940.0,0.12307636032609093,110.25033198766559
2025-04-25,1298.3146947064158,1295.22705078125,14431012.0,-0.092191447484824,110.14869061074934
2025-04-28,1334.669497851195,1363.35498046875,31104496.0,5.259921775599641,115.94242557372203
2025-04-29,1365.5461749701867,1394.1319580078125,32538970.0,2.2574441711784132,118.5597611017589
2025-04-30,1396.4228227174156,1399.410888671875,25480745.0,0.37865358682445116,119.0086918897012
2025-05-02,1408.3751233126775,1414.152099609375,13007841.0,1.05338689707426,120.2623138564468
2025-05-05,1425.3074680112338,1425.6063232421875,12685649.0,0.8099711223408246,121.2364038697429
2025-05-06,1425.3074785225756,1415.2476806640625,14084117.0,-0.7266131195719505,120.35548425352812
2025-05-07,1415.2476117092149,1400.4068603515625,13440169.0,-1.0486376706539735,119.09339130694761
2025-05-08,1398.51446598441,1401.4029541015625,16106175.0,0.07112888248419491,119.17810110529676
2025-05-09,1379.988466695066,1371.721435546875,13668904.0,-2.1179860130747574,116.65392559323851
2025-05-12,1394.430721507353,1430.7855224609375,10674081.0,4.305836840007893,121.67685329674755
2025-05-13,1427.7974767909468,1410.0682373046875,11407896.0,-1.4479658083635383,119.91501406431799
2025-05-14,1414.3512435205853,1418.7337646484375,5570160.0,0.6145466662176524,120.65194778554469
2025-05-15,1419.3313670179805,1448.4151611328125,20177211.0,2.0921047503038803,123.17611291650022
2025-05-16,1447.419102005185,1450.6064453125,9036695.0,0.15128840393894283,123.36246409176563
2025-05-19,1446.3234565863577,1435.0684814453125,6195791.0,-1.0711357251580567,122.04108466744346
2025-05-20,1432.4787356808251,1418.932861328125,11270560.0,-1.1243797996968508,120.66887936411177
2025-05-21,1418.235682967954,1423.5145263671875,6136364.0,0.32289512519809715,121.05851329320967
2025-05-22,1415.5464438973825,1403.79345703125,12134466.0,-1.38537886130784,119.381394240232
2025-05-23,1401.004549811851,1421.124267578125,6474883.0,1.2345698336225563,120.85524092047993
2025-05-26,1426.3034970063509,1429.0924072265625,4842944.0,0.5606926734152973,121.53286740175948
2025-05-27,1420.426959119657,1416.44287109375,12640414.0,-0.8851447302390625,120.45712563044437
2025-05-28,1414.4508509493858,1407.279541015625,5944611.0,-0.646925496617401,119.67785777224857
2025-05-29,1406.4826358531975,1412.1600341796875,13771917.0,0.3468033906426582,120.09290464085123
2025-05-30,1412.3591925541664,1415.2476806640625,13788484.0,0.21864706617111818,120.35548425352812
2025-06-02,1406.4826830156508,1408.0762939453125,8098668.0,-0.5067230857700444,119.74561522982516
2025-06-03,1416.6421539546416,1399.908935546875,11252626.0,-0.5800366381819577,119.05104678887577
2025-06-04,1409.0722382665938,1417.8372802734375,8126827.0,1.280679355015235,120.57570896703045
2025-06-05,1422.3193687346825,1436.662109375,13716817.0,1.3277143550585846,122.17660996369936
2025-06-06,1435.2676355449807,1437.7576904296875,8182161.0,0.07625878399228903,122.26978036078069
2025-06-09,1451.204075048637,1443.0367431640625,7885125.0,0.3671726306536005,122.71872152982574
2025-06-10,1444.2318404180787,1432.777587890625,7913181.0,-0.7109420686643664,121.84626251234315
2025-06-11,1440.048586734708,1443.13623046875,8195700.0,0.7229763129792621,122.72718212855791
2025-06-12,1447.7179200254843,1435.865234375,8828114.0,-0.5038329674107223,122.10884212502005
2025-06-13,1418.335338487147,1422.2198486328125,9757276.0,-0.9503249619472132,120.94841131756124
2025-06-16,1421.223780491138,1432.0804443359375,8458093.0,0.6933242924857197,121.78697603460147
2025-06-17,1442.2398094911548,1425.506591796875,10366599.0,-0.45904212749101614,121.22792250880525
2025-06-18,1424.3114328610282,1424.4110107421875,6681735.0,-0.0768555586478592,121.13475211172391
2025-06-19,1424.4110453044384,1427.598388671875,10007230.0,0.2237681333301822,121.4058130853385
2025-06-20,1425.3075053013415,1460.367431640625,29010635.0,2.2953964664555127,124.19255782897092
2025-06-23,1447.2199506188397,1451.0048828125,5989078.0,-0.6411091226272259,123.39634801110529
2025-06-24,1459.1721495093714,1445.0286865234375,16402744.0,-0.41186603572820335,122.88812036431858
2025-06-25,1458.1762135192969,1461.463134765625,7525851.0,1.13730948011328,124.285738607155
2025-06-26,1463.2558362824063,1489.3516845703125,14657893.0,1.9082622846425812,126.65743648218478
2025-06-27,1493.4353527246628,1509.3717041015625,11117052.0,1.3442103526425164,128.35997885576995
2025-06-30,1507.7781788170053,1494.630615234375,8409527.0,-0.9766374198701411,127.1063672701271
2025-07-01,1494.630607775488,1522.320068359375,10368523.0,1.8525950721715922,129.46113356658978
2025-07-02,1522.3200879079554,1512.75830078125,6361002.0,-0.6281049417176665,128.6479817890543
2025-07-03,1514.7502729656237,1511.76220703125,11283291.0,-0.06584619297647087,128.56327199070518
2025-07-04,1517.9375659885409,1521.2244873046875,6603501.0,0.6259106246622848,129.36796316950844
2025-07-07,1520.5271677380254,1535.367919921875,7251074.0,0.9297400045306103,130.5707488761418
2025-07-08,1529.8897875590692,1531.4833984375,7171261.0,-0.25300264737670997,130.2404014247856
2025-07-09,1530.586937987722,1512.9573974609375,8870660.0,-1.2096769051145873,128.66491336762144
2025-07-10,1513.654605815878,1511.16455078125,10047129.0,-0.11849948205391314,128.51244611169568
2025-07-11,1505.9852937598653,1489.2520751953125,7234991.0,-1.4500390162414223,126.64896550234988
2025-07-14,1486.263916129696,1477.7977294921875,10311846.0,-0.7691341105986238,125.674865107951
2025-07-15,1480.2878335086834,1479.4910888671875,8132454.0,0.1145866813303309,125.81887176514456
2025-07-16,1467.1403332858122,1479.690185546875,10409983.0,0.013457105702463501,125.83580334371167
2025-07-17,1481.4830970988437,1470.52685546875,11854613.0,-0.6192735592645882,125.05653548551588
2025-07-18,1478.8934598804974,1470.12841796875,10296318.0,-0.027094880893763218,125.02265156617621
2025-07-21,1459.1722169809668,1422.9169921875,22442744.0,-3.2113810742112725,121.00769779530292
2025-07-22,1421.721828538219,1407.179931640625,20396320.0,-1.1059717912765832,119.66938679241366
2025-07-23,1420.327316390472,1418.932861328125,8354596.0,0.8352115762336965,120.66887936411177
2025-07-24,1413.554298653669,1397.3192138671875,14740507.0,-1.5232325679389147,118.83081169427072
2025-07-25,1393.3351272649268,1386.1636962890625,11854722.0,-0.7983514051346452,117.88212423937661
2025-07-28,1386.7614543919697,1382.080078125,7748361.0,-0.2945985510221405,117.53484520945328
2025-07-29,1377.498442270458,1411.4627685546875,10750072.0,2.125975975975969,120.0336077820068
2025-07-30,1412.458776601272,1404.4906005859375,7209849.0,-0.4939675437482083,119.44068071797366
2025-07-31,1382.5780559389789,1384.669677734375,17065827.0,-1.4112535066659326,117.75506992295561
2025-08-01,1381.3828853186424,1388.15576171875,10321171.0,0.2517628601558686,118.05153345497217
2025-08-04,1389.550225151016,1405.885009765625,6312820.0,1.2771800208446038,119.55926405455975
2025-08-05,1405.38696851784,1386.1636962890625,9315972.0,-1.4027686005308682,117.88212423937661
2025-08-06,1386.3630773472378,1387.259521484375,5834312.0,0.07905453001302298,117.97531539866341
2025-08-07,1382.1796145349972,1383.8729248046875,9976705.0,-0.24412135056487427,117.68731246537902
2025-08-08,1379.4904158119157,1362.35888671875,8793606.0,-1.5546252622128498,115.85771577537287
2025-08-11,1364.5501609316866,1380.6856689453125,9997486.0,1.345224258102995,117.4162618728672
2025-08-12,1376.402846498686,1374.9088134765625,12244664.0,-0.41840482585460137,116.92498656685306
2025-08-13,1382.4785186353236,1377.0999755859375,7457021.0,0.1593678131886156,117.11132736101573
2025-08-14,1377.300048828125,1373.800048828125,7126128.0,-0.23962869917331098,116.83069501067594
2025-08-18,1390.0,1381.699951171875,11785109.0,0.5750401851047249,117.50251845552444
2025-08-19,1390.0,1420.0999755859375,14384719.0,2.7791869270527236,120.76813308739808
2025-08-20,1413.0,1413.0,8725641.0,-0.49996308062804085,120.16433700879736
2025-08-21,1425.0,1424.800048828125,11021323.0,0.835106074177272,121.1678366861527
2025-08-22,1420.0,1409.199951171875,5818868.0,-1.0948973274587437,119.84117328053642
2025-08-25,1414.699951171875,1412.5999755859375,5979407.0,0.24127338432242684,120.1303181351221
2025-08-26,1408.0,1384.9000244140625,12145259.0,-1.960919697764063,117.77465906382385
2025-08-28,1389.9000244140625,1385.9000244140625,13161813.0,0.07220737832127622,117.85970105746064
2025-08-29,1381.0999755859375,1357.199951171875,18758842.0,-2.070861731481788,115.41898961142287
2025-09-01,1356.0,1353.9000244140625,11232238.0,-0.2431422691227758,115.13835726108309
2025-09-02,1354.800048828125,1366.5,11517006.0,0.9306429838784158,116.2098843046862
2025-09-03,1369.699951171875,1372.5999755859375,7847563.0,0.4463941153265649,116.72863838965013
2025-09-04,1371.800048828125,1359.300048828125,13223177.0,-0.9689586911244885,115.59758610294233
2025-09-05,1363.0,1375.0,5777575.0,1.1550026195769059,116.93274125059898
2025-09-08,1380.0,1378.5,6986720.0,0.25454545454546285,117.23038822832778
2025-09-09,1376.5999755859375,1376.199951171875,9754452.0,-0.16685156533369216,117.03478749052205
2025-09-10,1383.9000244140625,1377.0,7790815.0,0.05813463570054633,117.1028252378726
2025-09-11,1376.0,1383.300048828125,9766072.0,0.45751988584785686,117.63859395022551
2025-09-12,1383.300048828125,1395.0,7403368.0,0.8457999536533478,118.63358112333498
2025-09-15,1393.0,1399.300048828125,5396697.0,0.30824722782258895,118.99926584841431
2025-09-16,1404.699951171875,1405.300048828125,8686961.0,0.4287858065198158,119.50951781023511
2025-09-17,1407.0,1413.800048828125,7519417.0,0.6048530352708692,120.23237475614789
2025-09-18,1420.4000244140625,1415.0,9332642.0,0.08487417813216602,120.33442099607097
2025-09-19,1414.9000244140625,1407.4000244140625,13461373.0,-0.5371007481227874,119.68810392065183
2025-09-22,1403.9000244140625,1390.5999755859375,7757970.0,-1.1936939417859782,118.25939427511251
2025-09-23,1391.0,1389.800048828125,14014702.0,-0.05752385818038608,118.19136690886471
2025-09-24,1385.300048828125,1383.0,5922759.0,-0.48928252908457814,117.61307719969338
2025-09-25,1381.300048828125,1372.4000244140625,11411143.0,-0.7664479816296144,116.71163414336385
2025-09-26,1372.0,1377.5999755859375,9879109.0,0.3788947157804978,117.15384835783411
2025-09-29,1381.5999755859375,1372.800048828125,14231999.0,-0.3484267452727674,116.74565301703912
2025-09-30,1377.0999755859375,1364.0,14604684.0,-0.641029175052632,115.9972793205942
2025-10-01,1367.0,1368.699951171875,12045916.0,0.34457120028408283,116.39697253824606
2025-10-03,1363.199951171875,1363.4000244140625,12842347.0,-0.3872234198061264,115.94625620063266
2025-10-06,1360.0,1375.0,12396580.0,0.8508123352075403,116.93274125059898
2025-10-07,1376.0,1384.800048828125,11244040.0,0.7127308238636276,117.76615694068072
2025-10-08,1384.800048828125,1367.4000244140625,8525081.0,-1.2565008521473686,116.28642417517987
2025-10-09,1374.0,1377.800048828125,8826633.0,0.760569272222944,117.17086298522312
2025-10-10,1377.800048828125,1381.699951171875,6373084.0,0.2830528527754783,117.50251845552444
2025-10-13,1376.9000244140625,1375.0,7600682.0,-0.484906376828953,116.93274125059898
2025-10-14,1380.0,1375.9000244140625,9768174.0,0.06545632102272769,117.00928112109266
2025-10-15,1383.0,1374.300048828125,10882743.0,-0.11628574442528183,116.87321600749432
2025-10-16,1375.0999755859375,1398.300048828125,12315932.0,1.7463435310553166,118.9142238547775
2025-10-17,1401.0,1416.800048828125,19335561.0,1.3230350678671732,120.4875007370583
2025-10-20,1440.0,1466.800048828125,24721978.0,3.5290794944111026,124.73960041889826
2025-10-21,1468.0,1465.199951171875,2066169.0,-0.10908764678105864,124.60352492419719
2025-10-23,1475.0,1448.4000244140625,18707090.0,-1.1465961860274265,123.17482565976061
2025-10-24,1450.0,1451.5999755859375,9700837.0,0.22093006889927214,123.44695588695727
2025-10-27,1463.0,1484.0999755859375,14113867.0,2.2389088279559433,126.21082068015323
2025-10-28,1484.0999755859375,1486.9000244140625,17631577.0,0.18866982509178065,126.44894241477738
2025-10-29,1490.0,1504.199951171875,11884745.0,1.1634895738622308,127.92016267603236
2025-10-30,1500.0,1488.5,9318663.0,-1.043740970716267,126.58500752837571
2025-10-31,1490.4000244140625,1486.4000244140625,8758053.0,-0.14107998561890822,126.40642141795897
2025-11-03,1486.0,1484.699951171875,8452085.0,-0.11437521624487745,126.26184380011478
2025-11-04,1483.9000244140625,1473.0999755859375,10007806.0,-0.7813010013761779,125.27535875014846
2025-11-06,1484.0,1496.0999755859375,16772678.0,1.561333268697629,127.23132460379483
2025-11-07,1494.5999755859375,1478.0,7821765.0,-1.209810566225611,125.69206659518932
2025-11-10,1477.9000244140625,1489.300048828125,7068438.0,0.7645499883710993,126.65304527572626
2025-11-11,1497.0,1493.4000244140625,7127506.0,0.2752954711284339,127.00171537341657
2025-11-12,1505.0,1511.5,12384459.0,1.2119978096986506,128.5409733820221
2025-11-13,1515.0,1510.9000244140625,7196443.0,-0.03969405133559256,128.48995026206055
2025-11-14,1505.5,1518.9000244140625,7682823.0,0.5294857284221965,129.17028621115497
2025-11-17,1520.9000244140625,1518.300048828125,5871416.0,-0.039500663394154145,129.1192630911934
2025-11-18,1521.699951171875,1519.4000244140625,11045042.0,0.07244783972617519,129.21280720797336
2025-11-19,1517.4000244140625,1518.9000244140625,5692366.0,-0.03290772620546667,129.17028621115497
2025-11-20,1530.0,1549.0999755859375,18171724.0,1.9882777461620593,131.7385502665452
2025-11-21,1541.0,1546.5999755859375,9615271.0,-0.16138403197988316,131.5259452824532
2025-11-24,1550.0,1535.9000244140625,18433951.0,-0.6918370193185419,130.61600010298054
2025-11-25,1535.9000244140625,1539.699951171875,15033482.0,0.2474071682668333,130.93915345013875
2025-11-26,1542.300048828125,1569.9000244140625,14054299.0,1.9614258751649682,133.50742788663172
2025-11-27,1575.0,1563.4000244140625,9794643.0,-0.4140391043325198,132.95465492799252
2025-11-28,1568.0,1567.5,8959508.0,0.26224737891213934,133.30332502568285
2025-12-01,1575.0,1566.0999755859375,8920233.0,-0.08931575209329967,133.18426415837078
2025-12-02,1561.0999755859375,1546.300048828125,11389150.0,-1.2642824255459595,131.5004389130238
2025-12-03,1545.199951171875,1538.800048828125,6090883.0,-0.4850287630582373,130.8626239607478
2025-12-04,1536.0,1535.5999755859375,11867930.0,-0.20795900316122884,130.59048335244842
2025-12-05,1530.4000244140625,1540.5999755859375,10183266.0,0.32560563164194534,131.0156933206324
2025-12-08,1539.199951171875,1543.0,11301491.0,0.15578504816928795,131.21979618158127
2025-12-09,1540.300048828125,1529.4000244140625,11503971.0,-0.8813982881359372,130.06322714434134
2025-12-10,1534.0,1536.9000244140625,7991629.0,0.49038837977484206,130.70104209661736
2025-12-11,1536.9000244140625,1545.0,4706197.0,0.5270333435660968,131.38988016885486
2025-12-12,1550.800048828125,1556.5,5106655.0,0.7443365695792847,132.36786309567805
2025-12-15,1551.199951171875,1556.199951171875,5774543.0,-0.0192771492531274,132.34234634514593
2025-12-16,1545.0,1542.300048828125,11731856.0,-0.8931951407197269,131.1602709384766
2025-12-17,1550.0,1544.4000244140625,7116649.0,0.1361586928259051,131.33885704889335
2025-12-18,1535.199951171875,1544.4000244140625,6580829.0,0.0,131.33885704889335
2025-12-19,1554.4000244140625,1565.0999755859375,13937275.0,1.3403231575140895,133.099222164734
2025-12-22,1573.5,1575.4000244140625,10184852.0,0.6581080434985509,133.97515885163412
2025-12-23,1580.9000244140625,1570.699951171875,7506564.0,-0.29834157479688983,133.5754552528795
2025-12-24,1572.699951171875,1558.199951171875,8815745.0,-0.795823542916263,132.51243033241954
2025-12-26,1554.699951171875,1559.199951171875,2311495.0,0.06417661605289116,132.59747232605633
2025-12-29,1554.9000244140625,1545.5999755859375,5972105.0,-0.872240636982824,131.4409032888164
2025-12-30,1547.0,1539.800048828125,8815884.0,-0.3752540663449322,130.9476659543846
